[
  {
    "Index": "1036743",
    "RawText": "저는 매일 매일 샤워도 하고 관리도 해주는데 요즘 피부가 만약 약해졌는데 등에 여드름이 장난이 아니더라고요.  피지도 물론 중요하지만 유수분 밸런스도 정말 중요한거 아시죠? 그래야 트러블도 안나거등요. 일단 이 제품은 각질이나 유분은 감소시켜면서 촉촉하게 보습감을 줘서 적당한 밸런스를 유지시켜줍니다. 덕분에 등드름도 많이 괜찮아졌어요. 거품도 풍성하고 미끌거림도 심하지 않아서 너무 만족하고 있습니다.   저처럼 여드름 피부이신분들은 효과가 좋으니 이거 한번 써보세요. 피부자극 테스트도 완료했고 여드름성 피부에도 사용이 적합다고하니 믿고 쓸 수 있는 바디워시랍니다!  ",
    "Source": "SNS",
    "Domain": "화장품",
    "MainCategory": "헤어/바디케어",
    "ProductName": "OO 남자 올인원 퍼퓸 바디워시 500ml",
    "Syllable": "320",
    "Word": "70",
    "GeneralPolarity": "1",
    "Aspects": [
      {
        "Aspect": "보습력/수분감",
        "SentimentText": "각질이나 유분은 감소시켜면서 촉촉하게 보습감을 줘서 적당한 밸런스를 유지시켜줍니다.",
        "SentimentWord": "9",
        "SentimentPolarity": "1"
      },
      {
        "Aspect": "기능/효과",
        "SentimentText": "등드름도 많이 괜찮아졌어요.",
        "SentimentWord": "3",
        "SentimentPolarity": "1"
      },
      {
        "Aspect": "거품력",
        "SentimentText": " 거품도 풍성하고",
        "SentimentWord": "2",
        "SentimentPolarity": "1"
      },
      {
        "Aspect": "세정력",
        "SentimentText": "미끌거림도 심하지 않아서 너무 만족하고 있습니다. ",
        "SentimentWord": "6",
        "SentimentPolarity": "1"
      },
      {
        "Aspect": "기능/효과",
        "SentimentText": "여드름 피부이신분들은 효과가 좋으니 이거 한번 써보세요. ",
        "SentimentWord": "7",
        "SentimentPolarity": "1"
      },
      {
        "Aspect": "자극성",
        "SentimentText": " 피부자극 테스트도 완료했고 여드름성 피부에도 사용이 적합다고하니 믿고 쓸 수 있는 바디워시랍니다! ",
        "SentimentWord": "12",
        "SentimentPolarity": "1"
      }
    ]
  },
  {
    "Index": "1036744",
    "RawText": "저번에 젤타입의 바디워시 쓴 적이 있는데 젤타입은 저한테 안맞더라고요.  뭔가 씻어도 제대로 씻겨진 기분이 들지 않았거든요. 근데 이거는 거품제형으로 거품이 정말 풍성해요. 덕분에 뽀드득하니 잘 씻깁니다. 그렇다고 해서 피부가 건조하냐? 아니요. 오히려 촉촉하고 자극이 없었습니다. 유수분 밸런스가 딱 적절해서 그런 거 같아요. 향도 강하지 않은 제가 좋아하는 향이고  이 정도 용량에 이 정도 가격이면 정말 착한 거 같습니다.   앞으로 저는 이거만 쓸 거 같아요. 너무 잘쓰고 있습니다. 추천드려요. ",
    "Source": "SNS",
    "Domain": "화장품",
    "MainCategory": "헤어/바디케어",
    "ProductName": "OO 남자 올인원 퍼퓸 바디워시 500ml",
    "Syllable": "282",
    "Word": "68",
    "GeneralPolarity": "1",
    "Aspects": [
      {
        "Aspect": "제형",
        "SentimentText": "거품제형으로 거품이 정말 풍성해요. ",
        "SentimentWord": "4",
        "SentimentPolarity": "1"
      },
      {
        "Aspect": "세정력",
        "SentimentText": "뽀드득하니 잘 씻깁니다. ",
        "SentimentWord": "3",
        "SentimentPolarity": "1"
      },
      {
        "Aspect": "보습력/수분감",
        "SentimentText": "피부가 건조하냐? 아니요. ",
        "SentimentWord": "3",
        "SentimentPolarity": "1"
      },
      {
        "Aspect": "보습력/수분감",
        "SentimentText": " 촉촉하고 ",
        "SentimentWord": "1",
        "SentimentPolarity": "1"
      },
      {
        "Aspect": "자극성",
        "SentimentText": "자극이 없었습니다. ",
        "SentimentWord": "2",
        "SentimentPolarity": "1"
      },
      {
        "Aspect": "보습력/수분감",
        "SentimentText": "유수분 밸런스가 딱 적절해서 그런 거 같아요. ",
        "SentimentWord": "7",
        "SentimentPolarity": "1"
      },
      {
        "Aspect": "향/냄새",
        "SentimentText": "향도 강하지 않은 제가 좋아하는 향이고 ",
        "SentimentWord": "6",
        "SentimentPolarity": "1"
      },
      {
        "Aspect": "가격",
        "SentimentText": "이 정도 용량에 이 정도 가격이면 정말 착한 거 같습니다. ",
        "SentimentWord": "10",
        "SentimentPolarity": "1"
      }
    ]
  },
  {
    "Index": "1036745",
    "RawText": "OOO 바디워시 한달간 쓴 후기!!!  향도 제가 좋아하는 향이고 미세한 노폐물까지도 잘 씻겨 나가서 개운합니다.그리고 제가 땀도 많이 흘려서 체취도 많이 나는데 이거 쓰면 정말 없어지네요 ㅎㅎ  이거 하나만으로 몸이랑 얼굴 모두 사용할 수도 있어서 잘 쓰고 있었는데 우연히 유통기한이 짧은 걸 보고 실망했습니다. 제 OOO제품만 그런건지 모르겠는데 원래 이렇게 유통기한이 짧나요? 유통기한이 1년밖에 안돼서 뭔가 찝찝하네요... 후기 찾아보니 유통기한 얘기는 별로 없어서 제 제품만 그런가보다 하고 깨달았습니다.  유통기한이 짧은 건 별로네요. 이거 빼고는 문제 없네요. 신경 좀 많이 써주시길 부탁드립니다!! 핳하 ",
    "Source": "SNS",
    "Domain": "화장품",
    "MainCategory": "헤어/바디케어",
    "ProductName": "OO 남자 올인원 퍼퓸 바디워시 500ml",
    "Syllable": "346",
    "Word": "82",
    "GeneralPolarity": "1",
    "Aspects": [
      {
        "Aspect": "향/냄새",
        "SentimentText": "향도 제가 좋아하는 향이고",
        "SentimentWord": "4",
        "SentimentPolarity": "1"
      },
      {
        "Aspect": "세정력",
        "SentimentText": "미세한 노폐물까지도 잘 씻겨 나가서 ",
        "SentimentWord": "5",
        "SentimentPolarity": "1"
      },
      {
        "Aspect": "청량감/쿨링감",
        "SentimentText": " 개운합니다.",
        "SentimentWord": "1",
        "SentimentPolarity": "1"
      },
      {
        "Aspect": "기능/효과",
        "SentimentText": "땀도 많이 흘려서 체취도 많이 나는데 이거 쓰면 정말 없어지네요 ㅎㅎ",
        "SentimentWord": "11",
        "SentimentPolarity": "1"
      },
      {
        "Aspect": "편의성/활용성",
        "SentimentText": "이거 하나만으로 몸이랑 얼굴 모두 사용할 수도 있어서 잘 쓰고 있었는데 ",
        "SentimentWord": "11",
        "SentimentPolarity": "1"
      },
      {
        "Aspect": "유통기한",
        "SentimentText": "유통기한이 짧은 걸 보고 실망했습니다.",
        "SentimentWord": "5",
        "SentimentPolarity": "-1"
      },
      {
        "Aspect": "유통기한",
        "SentimentText": " 원래 이렇게 유통기한이 짧나요? 유통기한이 1년밖에 안돼서 뭔가 찝찝하네요...",
        "SentimentWord": "9",
        "SentimentPolarity": "-1"
      },
      {
        "Aspect": "유통기한",
        "SentimentText": "유통기한이 짧은 건 별로네요. ",
        "SentimentWord": "4",
        "SentimentPolarity": "-1"
      }
    ]
  },
  {
    "Index": "1036746",
    "RawText": "요즘 헤어라인이 자꾸 후퇴해서 신경이 쓰이는데요. 사실 샴푸로 탈모에 효과를 본다는 말을 믿지는 않지만 성분에 신경을 쓴 제품이라고 하니 사용해서 나쁠 것은 없겠다 싶어 구매했어요.  용기가 예쁘고 인공 색소 성분이 들어가 있지 않다는 건 좋았어요  하지만 성분이 좋은 것은 별개로 이 제품은 지금껏 사용해 본 그 어떤 약산성 제품보다도 세정력이 약하네요. 상품설명에는 세정력이 좋다는데 유분을 제대로 제거하지 못해요. 두피 위주로 꽤 많은 양을 사용하는데도 불구하고 거품도 너무 적게 나고 헹군 뒤에도 개운하지가 않구요.  그래서 두피에 쌓인 각질이나 먼지가 잘 제거될지 의심스러워요. 다 아시겠지만 두피관리가 탈모관리엔 정말 중요한 부분이거든요.   세정력에 대한 의구심이 남아서 좀 더 사용해 보고 재구매를 결정해야겠어요.",
    "Source": "SNS",
    "Domain": "화장품",
    "MainCategory": "헤어/바디케어",
    "ProductName": "OO 릴** 샴푸 500ml ",
    "Syllable": "407",
    "Word": "98",
    "GeneralPolarity": "-1",
    "Aspects": [
      {
        "Aspect": "성분",
        "SentimentText": "성분에 신경을 쓴 제품이라고 하니 사용해서 나쁠 것은 없겠다 싶어 구매했어요.",
        "SentimentWord": "11",
        "SentimentPolarity": "1"
      },
      {
        "Aspect": "용기",
        "SentimentText": "용기가 예쁘고",
        "SentimentWord": "2",
        "SentimentPolarity": "1"
      },
      {
        "Aspect": "성분",
        "SentimentText": "인공 색소 성분이 들어가 있지 않다는 건 좋았어요",
        "SentimentWord": "8",
        "SentimentPolarity": "1"
      },
      {
        "Aspect": "성분",
        "SentimentText": "성분이 좋은 것은 별개로",
        "SentimentWord": "4",
        "SentimentPolarity": "1"
      },
      {
        "Aspect": "세정력",
        "SentimentText": "세정력이 약하네요.",
        "SentimentWord": "2",
        "SentimentPolarity": "-1"
      },
      {
        "Aspect": "세정력",
        "SentimentText": "유분을 제대로 제거하지 못해요.",
        "SentimentWord": "4",
        "SentimentPolarity": "-1"
      },
      {
        "Aspect": "거품력",
        "SentimentText": "거품도 너무 적게 나고",
        "SentimentWord": "4",
        "SentimentPolarity": "-1"
      },
      {
        "Aspect": "청량감/쿨링감",
        "SentimentText": "헹군 뒤에도 개운하지가 않구요.",
        "SentimentWord": "4",
        "SentimentPolarity": "-1"
      },
      {
        "Aspect": "세정력",
        "SentimentText": "두피에 쌓인 각질이나 먼지가 잘 제거될지 의심스러워요.",
        "SentimentWord": "7",
        "SentimentPolarity": "-1"
      },
      {
        "Aspect": "세정력",
        "SentimentText": "세정력에 대한 의구심이 남아서",
        "SentimentWord": "4",
        "SentimentPolarity": "-1"
      }
    ]
  },
  {
    "Index": "1036747",
    "RawText": "미용실 갈 때마다 클리닉 안 하면 도저히 이 상태로는 염색 못한다는 얘기를 상습적으로 듣고 사는 사람이랍니다. 애초에 머리카락이 넘 얇기도 하고 염색을 너무 자주하는 제 탓이죠 뭐   OO의 이 제품이 꽤 괜찮다고 해서 구매해봤는데요. 제가 딱 머리길이가 거지존이거든요. 얼굴바로 닿는 길이라서 성분이 안 좋으면 피부 트러블이 날까봐 신경을 좀 많이 썼어요. 이 제품은 일단 천연 오일이 많이 들어가 있고 나쁜 성분이 없어서 믿음은 갔어요. 다행히 아직 트러블은 없구요. 젖은 상태에서 한 번, 다 말리고 한 번 더 살짝 발라주면 하루종일 차분해져서 좋았어요.   머릿결도 뭔가 튼튼해진 것 같아요. 이건 미용실 가서 담당쌤한테 확인받아야겠네요 ㅎㅎ ",
    "Source": "SNS",
    "Domain": "화장품",
    "MainCategory": "헤어/바디케어",
    "ProductName": "OO 울** 프로틴 헤어 오일리치 150ml",
    "Syllable": "364",
    "Word": "93",
    "GeneralPolarity": "1",
    "Aspects": [
      {
        "Aspect": "성분",
        "SentimentText": "천연 오일이 많이 들어가 있고 나쁜 성분이 없어서 믿음은 갔어요.",
        "SentimentWord": "10",
        "SentimentPolarity": "1"
      },
      {
        "Aspect": "자극성",
        "SentimentText": "다행히 아직 트러블은 없구요.",
        "SentimentWord": "4",
        "SentimentPolarity": "1"
      },
      {
        "Aspect": "지속력/유지력",
        "SentimentText": "하루종일 차분해져서 좋았어요.",
        "SentimentWord": "3",
        "SentimentPolarity": "1"
      },
      {
        "Aspect": "스타일링효과",
        "SentimentText": "차분해져서 좋았어요.",
        "SentimentWord": "2",
        "SentimentPolarity": "1"
      },
      {
        "Aspect": "탈모개선",
        "SentimentText": "머릿결도 뭔가 튼튼해진 것 같아요.",
        "SentimentWord": "5",
        "SentimentPolarity": "1"
      }
    ]
  },
  {
    "Index": "1037149",
    "RawText": "새치가 많이나서 염색을 자주했더니 머리결이 정말 상했습니다. 평소에도 머릿결이 좋지 않다보니 빗결도 어려웠는데 OOO쓰고 많이 괜찮아졌습니다.  기존에 OO 제품 쓰고 있었는데 OOO 제품이 가격대비 좋다고 들어서 구매했습니다.  지금 한달째 사용중인데 정말 훌륭합니다.  1l용량인데 가격도 1만원이 안되고 거기에다 쓰고 나서 확실히 머릿결이 부드러워집니다.  보습력이 뛰어난 성분이 들어있어 하고나면 확실히 모발이 촉촉해지고 보습력이 채워진다는 느낌을  받았습니다. 머릿결이 좋아져 덕분에 빗질도 잘 되네욯ㅎ  저는 OO보다 OOO 제품이 저한테 잘 맞아서 좋았습니다. 추천드려요, ",
    "Source": "SNS",
    "Domain": "화장품",
    "MainCategory": "헤어/바디케어",
    "ProductName": "OO 트리트먼트 헤어팩 1000ml",
    "Syllable": "328",
    "Word": "69",
    "GeneralPolarity": "1",
    "Aspects": [
      {
        "Aspect": "머릿결관리",
        "SentimentText": "머릿결이 좋지 않다보니 빗결도 어려웠는데 OOO쓰고 많이 괜찮아졌습니다.",
        "SentimentWord": "8",
        "SentimentPolarity": "1"
      },
      {
        "Aspect": "가격",
        "SentimentText": "가격대비 좋다고 들어서 구매했습니다. ",
        "SentimentWord": "4",
        "SentimentPolarity": "1"
      },
      {
        "Aspect": "가격",
        "SentimentText": "1l용량인데 가격도 1만원이 안되고",
        "SentimentWord": "4",
        "SentimentPolarity": "1"
      },
      {
        "Aspect": "머릿결관리",
        "SentimentText": "머릿결이 부드러워집니다. ",
        "SentimentWord": "2",
        "SentimentPolarity": "1"
      },
      {
        "Aspect": "성분",
        "SentimentText": "보습력이 뛰어난 성분이 들어있어",
        "SentimentWord": "4",
        "SentimentPolarity": "1"
      },
      {
        "Aspect": "보습력/수분감",
        "SentimentText": " 모발이 촉촉해지고 보습력이 채워진다는 느낌을  받았습니다. ",
        "SentimentWord": "6",
        "SentimentPolarity": "1"
      },
      {
        "Aspect": "머릿결관리",
        "SentimentText": "머릿결이 좋아져 덕분에 빗질도 잘 되네욯ㅎ",
        "SentimentWord": "6",
        "SentimentPolarity": "1"
      },
      {
        "Aspect": "기능/효과",
        "SentimentText": "저한테 잘 맞아서 좋았습니다. ",
        "SentimentWord": "4",
        "SentimentPolarity": "1"
      }
    ]
  },
  {
    "Index": "1037153",
    "RawText": "트리트먼트는 린스 후 꼭 해야하는 필수템이라서 여러가지 많이 써봤는데  OOO이 좋았습니다.   저는 샴푸후에 모발에다 골고루 바른다면 5~10분 방치 해준 다음 미온수로  씻어내는데 확실히 샴푸 후 트리트먼트 헤어팩 해주면 머릿결이 정말 좋아져요. 머리도 뻣뻣해지지 않고 촉촉해서 찰랑 거리더라고요. 잦은 염색과 파마로 머리결이 조금 상했는데 이거 쓰고 많이 괜찮아졌습니다. 주위에서도 머리에다 뭐했냐고 물어보더라고요!  용량도 크고 가격도 저렴해서 너무 잘쓰고 있습니다. 재구매할거예요!  성분도 좋은 OOO 쓰니 확실히 좋네요. ",
    "Source": "SNS",
    "Domain": "화장품",
    "MainCategory": "헤어/바디케어",
    "ProductName": "OO 트리트먼트 헤어팩 1000ml",
    "Syllable": "299",
    "Word": "65",
    "GeneralPolarity": "1",
    "Aspects": [
      {
        "Aspect": "머릿결관리",
        "SentimentText": "머릿결이 정말 좋아져요.",
        "SentimentWord": "3",
        "SentimentPolarity": "1"
      },
      {
        "Aspect": "머릿결관리",
        "SentimentText": "머리도 뻣뻣해지지 않고",
        "SentimentWord": "3",
        "SentimentPolarity": "1"
      },
      {
        "Aspect": "보습력/수분감",
        "SentimentText": "촉촉해서",
        "SentimentWord": "1",
        "SentimentPolarity": "1"
      },
      {
        "Aspect": "머릿결관리",
        "SentimentText": "찰랑 거리더라고요.",
        "SentimentWord": "2",
        "SentimentPolarity": "1"
      },
      {
        "Aspect": "머릿결관리",
        "SentimentText": "잦은 염색과 파마로 머리결이 조금 상했는데 이거 쓰고 많이 괜찮아졌습니다.",
        "SentimentWord": "10",
        "SentimentPolarity": "1"
      },
      {
        "Aspect": "용량/사이즈",
        "SentimentText": "용량도 크고",
        "SentimentWord": "2",
        "SentimentPolarity": "1"
      },
      {
        "Aspect": "가격",
        "SentimentText": "가격도 저렴해서 너무 잘쓰고 있습니다.",
        "SentimentWord": "5",
        "SentimentPolarity": "1"
      },
      {
        "Aspect": "성분",
        "SentimentText": "성분도 좋은 OOO 쓰니 확실히 좋네요.",
        "SentimentWord": "6",
        "SentimentPolarity": "1"
      }
    ]
  },
  {
    "Index": "1037155",
    "RawText": "손상된 모발을 건강하게 만들어 주는 OOO 트리트먼트  안녕하세요! 원래 이런 후기 절대 안남기는데 너무 좋아서 꼭 후기를 남겨야하겠더라고요!  지금 거의 반통 다 써가는데 이만한 트리트먼트 없습니다. 최근에 머리가 엄청 거칠어지고 건조해져서 부시시해보였습니다. 이거 쓰고 나서 머릿결도 부드러워지고 탄력있는 모발이 됐습니다.  저희 가족들 모두 이거 쓰는데 가족들도 너무 좋다고 하네요 ㅎㅎ 용량도 엄청 커서 온 가족이 써도 부족함이 없이 쓸 수 있어서 좋았어요. 성분도 식물성 단백질과 각종 비타민들이 들어있어서 안심하고 쓰기 좋습니다.  여러므로 너무~~ 만족하고 있어서 리뷰 남깁니다! OOO 제품 안 써보셨다면 꼭 구매해보세요!! ",
    "Source": "SNS",
    "Domain": "화장품",
    "MainCategory": "헤어/바디케어",
    "ProductName": "OO 트리트먼트 헤어팩 1000ml",
    "Syllable": "358",
    "Word": "83",
    "GeneralPolarity": "1",
    "Aspects": [
      {
        "Aspect": "머릿결관리",
        "SentimentText": "머릿결도 부드러워지고",
        "SentimentWord": "2",
        "SentimentPolarity": "1"
      },
      {
        "Aspect": "머릿결관리",
        "SentimentText": "탄력있는 모발이 됐습니다. ",
        "SentimentWord": "3",
        "SentimentPolarity": "1"
      },
      {
        "Aspect": "편의성/활용성",
        "SentimentText": "저희 가족들 모두 이거 쓰는데 가족들도 너무 좋다고 하네요 ㅎㅎ",
        "SentimentWord": "10",
        "SentimentPolarity": "1"
      },
      {
        "Aspect": "용량/사이즈",
        "SentimentText": "용량도 엄청 커서 온 가족이 써도 부족함이 없이 쓸 수 있어서 좋았어요.",
        "SentimentWord": "12",
        "SentimentPolarity": "1"
      },
      {
        "Aspect": "성분",
        "SentimentText": "성분도 식물성 단백질과 각종 비타민들이 들어있어서 안심하고 쓰기 좋습니다.",
        "SentimentWord": "9",
        "SentimentPolarity": "1"
      },
      {
        "Aspect": "머릿결관리",
        "SentimentText": "손상된 모발을 건강하게 만들어 주는 OOO 트리트먼트",
        "SentimentWord": "7",
        "SentimentPolarity": "1"
      }
    ]
  },
  {
    "Index": "1037156",
    "RawText": "지금 산지 3주 되고 있고 매일 쓰고 있기는 한데 엄청 좋은지는 모르겠어요.  그냥 무난무난하게 쓰기 좋은 트리트먼트인거 같아요. 다른 제품들처럼 하고나면 뻣뻣했던 머리가 부드러워지는게 다 입니다. 머릿결에 영양분을 꽉 채워 준다는 느낌은 안 들어서 아쉽긴 하지만 그래도 용량이 큰데 이만한 가격이면 구매할 거 같긴 합니다. 1l인데 1만원도 안되거든요. 케이스도 큰큰하고 펌핑기도 좋아서  내용물도 잘 나오네요.  그럭저럭 잘 쓰고 있어서 추천드립니다.  ",
    "Source": "SNS",
    "Domain": "화장품",
    "MainCategory": "헤어/바디케어",
    "ProductName": "OO 트리트먼트 헤어팩 1000ml",
    "Syllable": "256",
    "Word": "60",
    "GeneralPolarity": "1",
    "Aspects": [
      {
        "Aspect": "편의성/활용성",
        "SentimentText": "매일 쓰고 있기는 한데",
        "SentimentWord": "4",
        "SentimentPolarity": "1"
      },
      {
        "Aspect": "편의성/활용성",
        "SentimentText": "무난무난하게 쓰기 좋은 트리트먼트인거 같아요.",
        "SentimentWord": "5",
        "SentimentPolarity": "1"
      },
      {
        "Aspect": "머릿결관리",
        "SentimentText": "뻣뻣했던 머리가 부드러워지는게 다 입니다.",
        "SentimentWord": "5",
        "SentimentPolarity": "1"
      },
      {
        "Aspect": "머릿결관리",
        "SentimentText": "머릿결에 영양분을 꽉 채워 준다는 느낌은 안 들어서 아쉽긴 하지만",
        "SentimentWord": "10",
        "SentimentPolarity": "-1"
      },
      {
        "Aspect": "가격",
        "SentimentText": "용량이 큰데 이만한 가격이면 구매할 거 같긴 합니다.",
        "SentimentWord": "8",
        "SentimentPolarity": "1"
      },
      {
        "Aspect": "가격",
        "SentimentText": "1l인데 1만원도 안되거든요.",
        "SentimentWord": "3",
        "SentimentPolarity": "1"
      },
      {
        "Aspect": "용기",
        "SentimentText": "케이스도 큰큰하고 펌핑기도 좋아서  내용물도 잘 나오네요.",
        "SentimentWord": "7",
        "SentimentPolarity": "1"
      }
    ]
  },
  {
    "Index": "1037157",
    "RawText": "가성비도 좋고 리뷰도 많고 후기도 좋아서 구매했는데 저는 생각보다 그냥 그랬습니다.  일단 제일 별로인 점은 향이에요. 약간 파마 화학 약품 냄새가 강하게 나요. 미용실 향이라고 해야할까요? 저는 파마향 안좋아해서 극불호이고요. 제형은 되게 리치해요. 그래서 찬물로 머리를 씻어내면 잘 안 씻겨 나가서 뜨거운 물로 헹궈야해요.  모발이 부드러워지는 한데 시간 지나면서 유분기도 살짝 올라왔습니다.  그래도 가성비가 좋아서 가성비 따지시는 분들은 좋아하실 거 같긴합니다.  이건 언제나 내 개인적인 의견이라 개인차가 있겠지만 저는 그냥 그래서 재구매는 안 할 거 같습니다!  참고하세요.  ",
    "Source": "SNS",
    "Domain": "화장품",
    "MainCategory": "헤어/바디케어",
    "ProductName": "OO 트리트먼트 헤어팩 1000ml",
    "Syllable": "329",
    "Word": "77",
    "GeneralPolarity": "-1",
    "Aspects": [
      {
        "Aspect": "가격",
        "SentimentText": "가성비도 좋고",
        "SentimentWord": "2",
        "SentimentPolarity": "1"
      },
      {
        "Aspect": "향/냄새",
        "SentimentText": "제일 별로인 점은 향이에요. ",
        "SentimentWord": "4",
        "SentimentPolarity": "-1"
      },
      {
        "Aspect": "향/냄새",
        "SentimentText": "파마 화학 약품 냄새가 강하게 나요. ",
        "SentimentWord": "6",
        "SentimentPolarity": "-1"
      },
      {
        "Aspect": "향/냄새",
        "SentimentText": "미용실 향이라고 해야할까요?",
        "SentimentWord": "3",
        "SentimentPolarity": "-1"
      },
      {
        "Aspect": "향/냄새",
        "SentimentText": "저는 파마향 안좋아해서 극불호이고요. ",
        "SentimentWord": "4",
        "SentimentPolarity": "-1"
      },
      {
        "Aspect": "제형",
        "SentimentText": "제형은 되게 리치해요. ",
        "SentimentWord": "3",
        "SentimentPolarity": "-1"
      },
      {
        "Aspect": "클렌징/제거력",
        "SentimentText": "찬물로 머리를 씻어내면 잘 안 씻겨 나가서 뜨거운 물로 헹궈야해요. ",
        "SentimentWord": "10",
        "SentimentPolarity": "-1"
      },
      {
        "Aspect": "머릿결관리",
        "SentimentText": "모발이 부드러워지는 한데 ",
        "SentimentWord": "3",
        "SentimentPolarity": "1"
      },
      {
        "Aspect": "세정력",
        "SentimentText": "유분기도 살짝 올라왔습니다. ",
        "SentimentWord": "3",
        "SentimentPolarity": "-1"
      },
      {
        "Aspect": "가격",
        "SentimentText": "가성비가 좋아서 가성비 따지시는 분들은 좋아하실 거 같긴합니다.",
        "SentimentWord": "8",
        "SentimentPolarity": "1"
      }
    ]
  },
  {
    "Index": "1037499",
    "RawText": "요즘 땀을 많이 흘러서 바디워시 제품 찾고 있었는데 OOO 리뷰가 좋아서 구매했습니다.   지금 2주째 사용중인데 너무 좋아요. OOO보다 좋은 제품 못봤습니다. 일단 오래 지속되는 화이트머스크향이 제 마음을 훔쳤습니다. 향이 너무 강하지도 않고  은은하네요. 지속력이 오래가서 샤워하고 나와도 계속 나더라고요.  거품도 풍성해서 세정력도 좋고 씻고 나면 피부가 뽀득뽀득해집니다.  덕분에 땀냄새도 많이 잡아주네요.   여태 바디워시 여러 제품 써봤는데 OOO 짱입니다. 한번 써보세요. 정말 좋습니다. ",
    "Source": "SNS",
    "Domain": "화장품",
    "MainCategory": "헤어/바디케어",
    "ProductName": "OO 바디워시 화이트머스크향 1000ml",
    "Syllable": "282",
    "Word": "62",
    "GeneralPolarity": "1",
    "Aspects": [
      {
        "Aspect": "지속력/유지력",
        "SentimentText": "오래 지속되는 화이트머스크향이 제 마음을 훔쳤습니다. ",
        "SentimentWord": "6",
        "SentimentPolarity": "1"
      },
      {
        "Aspect": "향/냄새",
        "SentimentText": "향이 너무 강하지도 않고  은은하네요.",
        "SentimentWord": "5",
        "SentimentPolarity": "1"
      },
      {
        "Aspect": "지속력/유지력",
        "SentimentText": "지속력이 오래가서 샤워하고 나와도 계속 나더라고요. ",
        "SentimentWord": "6",
        "SentimentPolarity": "1"
      },
      {
        "Aspect": "거품력",
        "SentimentText": "거품도 풍성해서",
        "SentimentWord": "2",
        "SentimentPolarity": "1"
      },
      {
        "Aspect": "세정력",
        "SentimentText": "세정력도 좋고",
        "SentimentWord": "2",
        "SentimentPolarity": "1"
      },
      {
        "Aspect": "세정력",
        "SentimentText": "씻고 나면 피부가 뽀득뽀득해집니다. ",
        "SentimentWord": "4",
        "SentimentPolarity": "1"
      },
      {
        "Aspect": "기능/효과",
        "SentimentText": " 땀냄새도 많이 잡아주네요. ",
        "SentimentWord": "3",
        "SentimentPolarity": "1"
      }
    ]
  },
  {
    "Index": "1037500",
    "RawText": "날씨가 쌀쌀해지니 피부가 건조해지면서 몸에 트러블이 올라오더라고요.  바디워시 바꿔볼까 생각하는 찰나 OOO 제품을 추천받아서 써봤는데  정말 좋네요.  일단 너무 건조하지도 않아서 적당한 유수분 밸런스를 맞춰줍니다.  게다가 비누풀입 추출물이 들어가 성분도 착해서 이거 쓰고 트러블이 많이 괜찮아졌어요.향은 화이트머스크향으로 머스크향 좋아하시는분들이 정말 좋아하실 향입니다.   보습력도 괜찮고 피부를 매끈하고 건강하게 유지시켜줘서 저는 너무 만족했습니다. 강추해요. ",
    "Source": "SNS",
    "Domain": "화장품",
    "MainCategory": "헤어/바디케어",
    "ProductName": "OO 바디워시 화이트머스크향 1000ml",
    "Syllable": "263",
    "Word": "52",
    "GeneralPolarity": "1",
    "Aspects": [
      {
        "Aspect": "보습력/수분감",
        "SentimentText": " 너무 건조하지도 않아서 ",
        "SentimentWord": "3",
        "SentimentPolarity": "1"
      },
      {
        "Aspect": "보습력/수분감",
        "SentimentText": "적당한 유수분 밸런스를 맞춰줍니다. ",
        "SentimentWord": "4",
        "SentimentPolarity": "1"
      },
      {
        "Aspect": "성분",
        "SentimentText": "비누풀입 추출물이 들어가 성분도 착해서",
        "SentimentWord": "5",
        "SentimentPolarity": "1"
      },
      {
        "Aspect": "기능/효과",
        "SentimentText": "트러블이 많이 괜찮아졌어요.",
        "SentimentWord": "3",
        "SentimentPolarity": "1"
      },
      {
        "Aspect": "향/냄새",
        "SentimentText": "향은 화이트머스크향으로 머스크향 좋아하시는분들이 정말 좋아하실 향입니다. ",
        "SentimentWord": "7",
        "SentimentPolarity": "1"
      },
      {
        "Aspect": "보습력/수분감",
        "SentimentText": "보습력도 괜찮고 ",
        "SentimentWord": "2",
        "SentimentPolarity": "1"
      },
      {
        "Aspect": "윤기/피부(톤)",
        "SentimentText": "피부를 매끈하고 건강하게 유지시켜줘서 저는 너무 만족했습니다. ",
        "SentimentWord": "7",
        "SentimentPolarity": "1"
      },
      {
        "Aspect": "지속력/유지력",
        "SentimentText": "유지시켜줘서 저는 너무 만족했습니다. ",
        "SentimentWord": "4",
        "SentimentPolarity": "1"
      }
    ]
  },
  {
    "Index": "1037501",
    "RawText": "바디워시 저는 아무거나 쓰는데 마트에서 보고 케이스가 너무 예뻐서 구매했습니다.  케이스 색깔도 깔끔하고 디자인도 예뻐서 화장실에 놔두면 분위기가 살더라고요. 뭔가 오브제 같기도 하고요. 게다가 용량도 대용량이라 오래두고 쓸 수 있어서 좋아습니다. 선물용으로도 좋을 거 같습니다.  향도 화이트 머스크향이라 머리 아픈 강한 향이 아니라 은은하게 퍼져서 쓰고나면 기분도 좋아지네요 ㅎㅎ 샤워 후에도 보습력도 좋아서 몸이 건조하지 않았고 천연계면활성제 비누풀잎의 추출물 성분이라 안심하게 쓸 수 있었답니다.   요즘 같은 쌀쌀한 날씨에는 OOO 쓰기 좋은거 같아요. OOO 사용안해보셨다면 사용해보시길 추천드립니다. ",
    "Source": "SNS",
    "Domain": "화장품",
    "MainCategory": "헤어/바디케어",
    "ProductName": "OO 바디워시 화이트머스크향 1000ml",
    "Syllable": "343",
    "Word": "76",
    "GeneralPolarity": "1",
    "Aspects": [
      {
        "Aspect": "용기",
        "SentimentText": "케이스가 너무 예뻐서 ",
        "SentimentWord": "3",
        "SentimentPolarity": "1"
      },
      {
        "Aspect": "색상",
        "SentimentText": "케이스 색깔도 깔끔하고",
        "SentimentWord": "3",
        "SentimentPolarity": "1"
      },
      {
        "Aspect": "디자인",
        "SentimentText": "디자인도 예뻐서 화장실에 놔두면 분위기가 살더라고요. ",
        "SentimentWord": "6",
        "SentimentPolarity": "1"
      },
      {
        "Aspect": "용량/사이즈",
        "SentimentText": "용량도 대용량이라 오래두고 쓸 수 있어서 좋아습니다. ",
        "SentimentWord": "7",
        "SentimentPolarity": "1"
      },
      {
        "Aspect": "향/냄새",
        "SentimentText": "향도 화이트 머스크향이라 머리 아픈 강한 향이 아니라 은은하게 퍼져서 쓰고나면 기분도 좋아지네요 ㅎㅎ",
        "SentimentWord": "14",
        "SentimentPolarity": "1"
      },
      {
        "Aspect": "보습력/수분감",
        "SentimentText": "보습력도 좋아서",
        "SentimentWord": "2",
        "SentimentPolarity": "1"
      },
      {
        "Aspect": "보습력/수분감",
        "SentimentText": "몸이 건조하지 않았고 ",
        "SentimentWord": "3",
        "SentimentPolarity": "1"
      },
      {
        "Aspect": "성분",
        "SentimentText": "천연계면활성제 비누풀잎의 추출물 성분이라 안심하게 쓸 수 있었답니다. ",
        "SentimentWord": "8",
        "SentimentPolarity": "1"
      },
      {
        "Aspect": "기능/효과",
        "SentimentText": "요즘 같은 쌀쌀한 날씨에는 OOO 쓰기 좋은거 같아요. ",
        "SentimentWord": "8",
        "SentimentPolarity": "1"
      }
    ]
  },
  {
    "Index": "1037502",
    "RawText": "향만 좋은 OOO 바디워시   향은 정말 좋은데 물로 잘 안 씻겨져요. 약품이 많이 들어갔는지 미끌거림이 심해서 오래 씻어야 하겠더라고요. 그리고 제가 민감한 피부인데 이거 쓰고 붉은 두드러기와 함께 엄청 간지러웠어요. 처음에는 건조해서 그런가 하고 바디크림도 열심히 발라줬는데 바디워시 저한테 안맞는 거였어요. OO에 찾아보니 성분이 그닥 좋지 않았습니다. 쓰고 나면 보습력 안 느껴졌고 오히려 건조해서 각질도 올라왔습니다.   리뷰도 많고 후기도 좋길래 기대 많이했는데 향만 좋고, 다른 건 좋은 지 모르겠습니다.이 가격이면 저는 다른 제품 살 거예요. 재구매 없습니다. 참고해주세요.",
    "Source": "SNS",
    "Domain": "화장품",
    "MainCategory": "헤어/바디케어",
    "ProductName": "OO 바디워시 화이트머스크향 1000ml",
    "Syllable": "329",
    "Word": "78",
    "GeneralPolarity": "-1",
    "Aspects": [
      {
        "Aspect": "향/냄새",
        "SentimentText": "향만 좋은 OOO 바디워시 ",
        "SentimentWord": "4",
        "SentimentPolarity": "1"
      },
      {
        "Aspect": "향/냄새",
        "SentimentText": "향은 정말 좋은데 ",
        "SentimentWord": "3",
        "SentimentPolarity": "1"
      },
      {
        "Aspect": "클렌징/제거력",
        "SentimentText": "물로 잘 안 씻겨져요. ",
        "SentimentWord": "4",
        "SentimentPolarity": "-1"
      },
      {
        "Aspect": "클렌징/제거력",
        "SentimentText": "약품이 많이 들어갔는지 미끌거림이 심해서 오래 씻어야 하겠더라고요.",
        "SentimentWord": "8",
        "SentimentPolarity": "-1"
      },
      {
        "Aspect": "자극성",
        "SentimentText": "민감한 피부인데 이거 쓰고 붉은 두드러기와 함께 엄청 간지러웠어요. ",
        "SentimentWord": "9",
        "SentimentPolarity": "-1"
      },
      {
        "Aspect": "기능/효과",
        "SentimentText": "저한테 안맞는 거였어요. ",
        "SentimentWord": "3",
        "SentimentPolarity": "-1"
      },
      {
        "Aspect": "성분",
        "SentimentText": "성분이 그닥 좋지 않았습니다. ",
        "SentimentWord": "4",
        "SentimentPolarity": "-1"
      },
      {
        "Aspect": "보습력/수분감",
        "SentimentText": "쓰고 나면 보습력 안 느껴졌고 ",
        "SentimentWord": "5",
        "SentimentPolarity": "-1"
      },
      {
        "Aspect": "보습력/수분감",
        "SentimentText": "건조해서 각질도 올라왔습니다. ",
        "SentimentWord": "3",
        "SentimentPolarity": "-1"
      },
      {
        "Aspect": "향/냄새",
        "SentimentText": "향만 좋고, ",
        "SentimentWord": "2",
        "SentimentPolarity": "1"
      }
    ]
  },
  {
    "Index": "1037503",
    "RawText": "OOO 드라이 샴푸 리뷰!!! 다른 제품들은 냄새까지 못 잡아주던데 이거는 잘 잡아주세요.   여러 드라이샴푸들 많이 써봤는데 저는 OOO이 제일 잘 맞았어요. 저는 정수리냄새때문에 고민이 많았는데 이거 뿌리면 냄새도 잘 잡아주고 기름도 덜 올라와서 정말 괜찮더라고요. 향도 민트향으로 시원한 향이 나서 정수리 냄새 잡아주는데 딱입니다.  간편하고 크기도 딱 적당해서 좋네요.   가격은 조금 나가긴 하지만 이정도면 저는 살만하다고 생각합니다. 추천드려요~!!! ",
    "Source": "SNS",
    "Domain": "화장품",
    "MainCategory": "헤어/바디케어",
    "ProductName": "OO 아** 드라이 샴푸 150ml",
    "Syllable": "259",
    "Word": "58",
    "GeneralPolarity": "1",
    "Aspects": [
      {
        "Aspect": "기능/효과",
        "SentimentText": "다른 제품들은 냄새까지 못 잡아주던데 이거는 잘 잡아주세요. ",
        "SentimentWord": "8",
        "SentimentPolarity": "1"
      },
      {
        "Aspect": "기능/효과",
        "SentimentText": "OOO이 제일 잘 맞았어요. ",
        "SentimentWord": "4",
        "SentimentPolarity": "1"
      },
      {
        "Aspect": "기능/효과",
        "SentimentText": "정수리냄새때문에 고민이 많았는데 이거 뿌리면 냄새도 잘 잡아주고 ",
        "SentimentWord": "8",
        "SentimentPolarity": "1"
      },
      {
        "Aspect": "기능/효과",
        "SentimentText": "기름도 덜 올라와서 정말 괜찮더라고요. ",
        "SentimentWord": "5",
        "SentimentPolarity": "1"
      },
      {
        "Aspect": "향/냄새",
        "SentimentText": "향도 민트향으로 시원한 향이 나서 ",
        "SentimentWord": "5",
        "SentimentPolarity": "1"
      },
      {
        "Aspect": "기능/효과",
        "SentimentText": "정수리 냄새 잡아주는데 딱입니다. ",
        "SentimentWord": "4",
        "SentimentPolarity": "1"
      },
      {
        "Aspect": "편의성/활용성",
        "SentimentText": "간편하고",
        "SentimentWord": "1",
        "SentimentPolarity": "1"
      },
      {
        "Aspect": "용량/사이즈",
        "SentimentText": "크기도 딱 적당해서 좋네요. ",
        "SentimentWord": "4",
        "SentimentPolarity": "1"
      },
      {
        "Aspect": "가격",
        "SentimentText": "가격은 조금 나가긴 하지만 ",
        "SentimentWord": "4",
        "SentimentPolarity": "-1"
      }
    ]
  },
  {
    "Index": "1037504",
    "RawText": "OOO 드라이 샴푸 후기 !!!  드라이 샴푸중에 이게 제일 쿨링감 좋네요.   OOO 제품은 제 주위에서도 많이 쓰는만큼 유명해서 잘 알고 있었는데 이번에 세일해서 저렴하게 구매했습니다. 무엇보다 머리 안감은 날은 기름지고 냄새도 나고 찝찝한데 이거 뿌리면 뽀송하게 마무리돼서 정말 괜찮아지더라고요. 쿨링감도 강해서 뿌리면 시원해져서 좋더라고요. 하얀 가루도 생각보다 덜해서 다행입니다.   저처럼 지성두피면 이거 한번 해보시길 추천드립니다. 정말 너무 만~~족하고 있거든요 ㅎㅎ",
    "Source": "SNS",
    "Domain": "화장품",
    "MainCategory": "헤어/바디케어",
    "ProductName": "OO 아** 드라이 샴푸 150ml",
    "Syllable": "269",
    "Word": "60",
    "GeneralPolarity": "1",
    "Aspects": [
      {
        "Aspect": "청량감/쿨링감",
        "SentimentText": "제일 쿨링감 좋네요. ",
        "SentimentWord": "3",
        "SentimentPolarity": "1"
      },
      {
        "Aspect": "가격",
        "SentimentText": "세일해서 저렴하게 구매했습니다. ",
        "SentimentWord": "3",
        "SentimentPolarity": "1"
      },
      {
        "Aspect": "청량감/쿨링감",
        "SentimentText": "뿌리면 뽀송하게 마무리돼서 정말 괜찮아지더라고요. ",
        "SentimentWord": "5",
        "SentimentPolarity": "1"
      },
      {
        "Aspect": "청량감/쿨링감",
        "SentimentText": "쿨링감도 강해서 뿌리면 시원해져서 좋더라고요. ",
        "SentimentWord": "5",
        "SentimentPolarity": "1"
      },
      {
        "Aspect": "스타일링효과",
        "SentimentText": "하얀 가루도 생각보다 덜해서 다행입니다. ",
        "SentimentWord": "5",
        "SentimentPolarity": "1"
      },
      {
        "Aspect": "피부타입",
        "SentimentText": "지성두피면 이거 한번 해보시길 추천드립니다. ",
        "SentimentWord": "5",
        "SentimentPolarity": "1"
      }
    ]
  },
  {
    "Index": "1037505",
    "RawText": "유튜브 리뷰보고 구매했는데 생각보다 그럭저럭 입니다.   드라이 샴푸는 이번에 처음 써봤는데 생각보다 머리에 조준을 잘해야겠더라고요. 잘못뿌리면 엄청 허옇게 뜹니다. 그리고 향도 되게 강했어요. 저는 향이 극불호여서 뿌리면 되게 눈쌀 찌푸리는 향이었습니다. 시원한 민트향이라고 하는데 민트향?까지는 모르겠네요. 그래도 기름기가 덜 올라 오기는 하네요. 그거 빼고는 좋은지 모르겠습니다.   리뷰가 좋길래 기대했는데 조금 실망이네요. 저는 재구매 안할 거 같습니다.",
    "Source": "SNS",
    "Domain": "화장품",
    "MainCategory": "헤어/바디케어",
    "ProductName": "OO 아** 드라이 샴푸 150ml",
    "Syllable": "259",
    "Word": "56",
    "GeneralPolarity": "-1",
    "Aspects": [
      {
        "Aspect": "스타일링효과",
        "SentimentText": " 잘못뿌리면 엄청 허옇게 뜹니다. ",
        "SentimentWord": "4",
        "SentimentPolarity": "-1"
      },
      {
        "Aspect": "향/냄새",
        "SentimentText": " 향도 되게 강했어요. ",
        "SentimentWord": "3",
        "SentimentPolarity": "-1"
      },
      {
        "Aspect": "향/냄새",
        "SentimentText": "향이 극불호여서 뿌리면 되게 눈쌀 찌푸리는 향이었습니다. ",
        "SentimentWord": "7",
        "SentimentPolarity": "-1"
      },
      {
        "Aspect": "향/냄새",
        "SentimentText": "시원한 민트향이라고 하는데 민트향?까지는 모르겠네요. ",
        "SentimentWord": "5",
        "SentimentPolarity": "0"
      },
      {
        "Aspect": "기능/효과",
        "SentimentText": "기름기가 덜 올라 오기는 하네요. ",
        "SentimentWord": "5",
        "SentimentPolarity": "1"
      }
    ]
  },
  {
    "Index": "1037506",
    "RawText": "일단 향부터 패키지까지 고급스러움 철철이에요.  아는 지인한테 선물받아서 썼는데 좋아서 재구매했습니다. 향도 싸구려 느낌나는 머스크향이 아닌 고급스러운 머스크향이랑 파우더향도 나서 저는 극호입니다.  거품도 풍성한 편이라 자극도 많이 없었고 예민한 제 피부에도 자극없이 잘 쓰고 있습니다.  샤워 후에 몸에 각질 올라오고 건조해지는 제품들도 많은데 OOO은 보습력이 좋아 몸이 건조하지도 않았습니다. 포장도 깔끔하고 안전하게 되어있었고 유통기한도 길어서 오래오래 쓸 수 있겠더라고요!   직접 사용해보고 쓴 리뷰이니 참고 하셨으면 좋겠습니다. 저는 만족해요~ ",
    "Source": "SNS",
    "Domain": "화장품",
    "MainCategory": "헤어/바디케어",
    "ProductName": "OO 바디워시 화이트머스크향 1000ml",
    "Syllable": "313",
    "Word": "68",
    "GeneralPolarity": "1",
    "Aspects": [
      {
        "Aspect": "향/냄새",
        "SentimentText": " 향부터 패키지까지 고급스러움 철철이에요.",
        "SentimentWord": "4",
        "SentimentPolarity": "1"
      },
      {
        "Aspect": "향/냄새",
        "SentimentText": "고급스러운 머스크향이랑 파우더향도 나서 저는 극호입니다. ",
        "SentimentWord": "6",
        "SentimentPolarity": "1"
      },
      {
        "Aspect": "거품력",
        "SentimentText": "거품도 풍성한 편이라 ",
        "SentimentWord": "3",
        "SentimentPolarity": "1"
      },
      {
        "Aspect": "자극성",
        "SentimentText": "자극도 많이 없었고 ",
        "SentimentWord": "3",
        "SentimentPolarity": "1"
      },
      {
        "Aspect": "자극성",
        "SentimentText": "예민한 제 피부에도 자극없이 잘 쓰고 있습니다. ",
        "SentimentWord": "7",
        "SentimentPolarity": "1"
      },
      {
        "Aspect": "보습력/수분감",
        "SentimentText": "보습력이 좋아 ",
        "SentimentWord": "2",
        "SentimentPolarity": "1"
      },
      {
        "Aspect": "보습력/수분감",
        "SentimentText": "몸이 건조하지도 않았습니다. ",
        "SentimentWord": "3",
        "SentimentPolarity": "1"
      },
      {
        "Aspect": "유통기한",
        "SentimentText": "유통기한도 길어서 오래오래 쓸 수 있겠더라고요! ",
        "SentimentWord": "6",
        "SentimentPolarity": "1"
      }
    ]
  },
  {
    "Index": "1037507",
    "RawText": "아침에 머리감고 오후 늦게 되면 앞머리 부분이 많이  기름져서 고민이 많았는데 우연히 OO에서 발견하게 된 제품입니다.   한달 간 쓰고 있는 데 확실히 이거 뿌리고 나간 날이랑 안나간 날이랑 효과가 차이가 많이 났습니다. 기름지는게 확실히 덜 하고 찝찝한 것도 많이 줄어들었어요. 그리고 되게 간편하네요. 뿌려주기만 하면 돼서 사용하기 간편해 맘에 들었습니다. 크기도 컴팩트해서 들고 다니기에도 좋네요. 저는 여행갈 때 꼭 들고다닙니다.  드라이샴푸 처음 써봤는데 왜 이제야 알게 됐을까요. 삶의 질이 올라갑니다. 꼭 구매하세요!!! ",
    "Source": "SNS",
    "Domain": "화장품",
    "MainCategory": "헤어/바디케어",
    "ProductName": "OO 아** 드라이 샴푸 150ml",
    "Syllable": "300",
    "Word": "72",
    "GeneralPolarity": "1",
    "Aspects": [
      {
        "Aspect": "기능/효과",
        "SentimentText": "뿌리고 나간 날이랑 안나간 날이랑 효과가 차이가 많이 났습니다. ",
        "SentimentWord": "9",
        "SentimentPolarity": "1"
      },
      {
        "Aspect": "기능/효과",
        "SentimentText": "기름지는게 확실히 덜 하고 ",
        "SentimentWord": "4",
        "SentimentPolarity": "1"
      },
      {
        "Aspect": "편의성/활용성",
        "SentimentText": "간편하네요. ",
        "SentimentWord": "1",
        "SentimentPolarity": "1"
      },
      {
        "Aspect": "편의성/활용성",
        "SentimentText": "뿌려주기만 하면 돼서 사용하기 간편해 맘에 들었습니다. ",
        "SentimentWord": "7",
        "SentimentPolarity": "1"
      },
      {
        "Aspect": "편의성/활용성",
        "SentimentText": "크기도 컴팩트해서 들고 다니기에도 좋네요. ",
        "SentimentWord": "5",
        "SentimentPolarity": "1"
      },
      {
        "Aspect": "편의성/활용성",
        "SentimentText": "여행갈 때 꼭 들고다닙니다.",
        "SentimentWord": "4",
        "SentimentPolarity": "1"
      }
    ]
  },
  {
    "Index": "1037508",
    "RawText": "안녕하세요. 저는 지성두피로 아침에 머리감고나가면 오후 되면 기름이 슬금슬금 올라와서 정수리에서 냄새 날까봐 전전긍긍 하면서 지내고 있었는데 OOO 제품 쓰고 삶의 질이 향상 됐습니다.   우연히 유튜버 추천으로 쓰게 됐는데 아침에 뿌리면 확실히 기름이 덜 올라오더라고요!! 향은 상쾌한 향이 나서 정수리 냄새도 확실하게 잡아줍니다.  보통 이런 제품은 하옇게 뜨기도 하는데 이거는 끈적이지 않고 뽀송하게 마무리돼서 좋았습니다.  가끔 장시간 외부활동 하면 저는 꼭 챙겨서 발라주고 있네요.   너무 잘 쓰고 있어서 추천드려요.  ",
    "Source": "SNS",
    "Domain": "화장품",
    "MainCategory": "헤어/바디케어",
    "ProductName": "OO 아** 드라이 샴푸 150ml",
    "Syllable": "297",
    "Word": "69",
    "GeneralPolarity": "1",
    "Aspects": [
      {
        "Aspect": "기능/효과",
        "SentimentText": "아침에 뿌리면 확실히 기름이 덜 올라오더라고요!! ",
        "SentimentWord": "6",
        "SentimentPolarity": "1"
      },
      {
        "Aspect": "향/냄새",
        "SentimentText": "향은 상쾌한 향이 나서 ",
        "SentimentWord": "4",
        "SentimentPolarity": "1"
      },
      {
        "Aspect": "기능/효과",
        "SentimentText": "정수리 냄새도 확실하게 잡아줍니다. ",
        "SentimentWord": "4",
        "SentimentPolarity": "1"
      },
      {
        "Aspect": "스타일링효과",
        "SentimentText": "끈적이지 않고",
        "SentimentWord": "2",
        "SentimentPolarity": "1"
      },
      {
        "Aspect": "청량감/쿨링감",
        "SentimentText": "뽀송하게 마무리돼서 좋았습니다. ",
        "SentimentWord": "3",
        "SentimentPolarity": "1"
      },
      {
        "Aspect": "편의성/활용성",
        "SentimentText": " 장시간 외부활동 하면 저는 꼭 챙겨서 발라주고 있네요. ",
        "SentimentWord": "8",
        "SentimentPolarity": "1"
      }
    ]
  }
]