[
  {
    "Index": "120552",
    "RawText": "\"오늘은 제가 새로 구매한 넥밴드 리뷰를 해보려 해요!일할때도 안전문제로 항상 귀를 열어둬야 하는 직업군이다 보니깐 기존엔 외부스피커를 지원하는 넥밴드를 썼는데 이젠 더 이상 넥밴드들은 발전도 없고 사장되는 분위기라 따로 알아볼 제품도 없더라구요. 그러다 러닝이나 자전거 등산 같은 취미하시는 분들이 골전도 이어폰 많이 쓰길래 찾아보니 통화음질도 괜찮고 항상 귀는 오픈되어 있어 안전도 챙길 수 있어 좋다하셔서 구매해 봤습니다. 음질이 정말 선명하게 잘 들려서 놀랐고 제 말도 깨끗하게 상대에게 들린다고 해서 만족스럽네요.오픈런 프로 제품군이랑 무브 중에 무브를 선택한건 가격보다는 충전선이 C타입이라 따로 충전선을 안챙겨도 되는 편리한점이 있어 너무나 좋아요. 시계가 따로 전용 충전선을 써야 하는 제품인데 출장이 잦은 저 같은 직종은 간혹 한번씩 두고 오거나 하면 굉장히 곤란해져서 범용 충전 라인이란 장점이 컸구요. 향후에도 C타입 충전 지원하는 라인업은 유지됐으면 하네요.외부 포장박스가 구겨져 와서 좀 당황했는데 기본 제품 박스 자체가 굉장히 단단한 편이라 아무 문제없었구 사은품으로 보내주신 스포츠 타월은 두툼하고 속건성 제품이라 여름에 무척 유용하게 쓸거 같습니다. 000 시절부터 할인행사가 자주 있는 브랜드가 아니라서 구매하실 분들은 좋은 기회인거 같습니다.넥밴드를 찾고 계신다면, 강추하는 제품입니다!모두 코로나 조심하시고.. 다른 제품들 추천해주시면 리뷰 남겨볼게요~\"",
    "Source": "SNS",
    "Domain": "IT기기",
    "MainCategory": "컴퓨터/주변기기",
    "ProductName": "애프터샥 샥즈 오픈무브 S661",
    "ReviewScore": "5",
    "Syllable": "721",
    "Word": "167",
    "RDate": "20221108",
    "GeneralPolarity": "1",
    "Aspects": [
      {
        "Aspect": "음량/음질",
        "SentimentText": "음질이 정말 선명하게 잘 들려서 놀랐고 제 말도 깨끗하게 상대에게 들린다고 해서 만족스럽네요.",
        "SentimentWord": "13",
        "SentimentPolarity": "1"
      },
      {
        "Aspect": "편의성",
        "SentimentText": "따로 충전선을 안챙겨도 되는 편리한점이 있어 너무나 좋아요.",
        "SentimentWord": "8",
        "SentimentPolarity": "1"
      },
      {
        "Aspect": "제품구성",
        "SentimentText": "사은품으로 보내주신 스포츠 타월은 두툼하고 속건성 제품이라 여름에 무척 유용하게 쓸거 같습니다.",
        "SentimentWord": "12",
        "SentimentPolarity": "1"
      }
    ]
  },
  {
    "Index": "120553",
    "RawText": "\"친구 권유로 이어폰을 새로 구매하게되었어요우선 제품은 사진보다 크기가 작아 더 좋아요. 클 줄알고 걱정했는데 괜한 걱정이었네요.  골전도가 음악 음질도 제가 막귀인지 좋네요. 실내에선 소리 키우면 정말 컸구요. 일반 이어폰 꼽고 있는 착각이 드네요.통화도 테스트 해 봤을 시 볼륨이 업되어 실외에서도 큽니다. 다만 커진 소리로 이어폰이 진동하는데 간지러울 지도. 골전도 특성이라고 판단 됩니다. 노래 듣고 있을때 이어폰 만지면 진동이 느껴집니다. 귀마개는 착용 안해 봤지만 손으로 귀구멍 소리가 엄청 커집니다. 귀마개 사용하기에는 사용 용도와 맞지 않으니 사용 할 일은 없을 듯 합니다.마이크 성능이 좋아 음성명령 키도 매우 좋네요. OOO 사용 중인데 OOO를 호출해 주네요. 그래서 폰을 꺼낼 필요가 없네요.  조용히 말해도 OOO에게 음성이 정확히 전달되며 통화 테스트에도 상대방이 제 목소리가 멀게 안들리고 잘 들린다고 합니다. 장점만 적었는데 단점은 밴드 뒷쪽이 옷깃에 걸리적 거리고 차에서 헤드레스트에 머리를 기대면 밴드가 닿아 이어폰이 움직여 조금 불편합니다. 그리고 이어폰이 계속 머리를 지긋히 누르고 있죠. 익숙해지면 불편하진 않겠지만 구매 초기로 좀 어색하네요.장단점이 공존하지만, 그래도 전반적으로 제품은 괜찮아요 친구넘은 잘썼다니 ㅎㅎ 좀 더 써봐야 알겠지만요 ㅎㅎ친구넘 블로그에도 댓글 달러 가봐야겠네요\"",
    "Source": "SNS",
    "Domain": "IT기기",
    "MainCategory": "컴퓨터/주변기기",
    "ProductName": "애프터샥 샥즈 오픈무브 S661",
    "ReviewScore": "5",
    "Syllable": "688",
    "Word": "162",
    "RDate": "20221110",
    "Aspects": [
      {
        "Aspect": "사이즈",
        "SentimentText": "사진보다 크기가 작아 더 좋아요. 클 줄알고 걱정했는데 괜한 걱정이었네요. ",
        "SentimentWord": "10",
        "SentimentPolarity": "1"
      },
      {
        "Aspect": "음량/음질",
        "SentimentText": "골전도가 음악 음질도 제가 막귀인지 좋네요. ",
        "SentimentWord": "6",
        "SentimentPolarity": "1"
      },
      {
        "Aspect": "기능",
        "SentimentText": "마이크 성능이 좋아 음성명령 키도 매우 좋네요. ",
        "SentimentWord": "7",
        "SentimentPolarity": "1"
      },
      {
        "Aspect": "편의성",
        "SentimentText": "밴드 뒷쪽이 옷깃에 걸리적 거리고 차에서 헤드레스트에 머리를 기대면 밴드가 닿아 이어폰이 움직여 조금 불편합니다.",
        "SentimentWord": "15",
        "SentimentPolarity": "-1"
      }
    ]
  },
  {
    "Index": "120554",
    "RawText": "언박싱 타임~ 조심 조심 열어 보니 마우스가 커다란 풍뎅이 같아요. 살찐 풍뎅이요.사진상으론 디자인이 이리 곤충스럽진 않았는데 ㅜ.ㅜ 모양은 실망입니다. 그래도 확인은 해봐야죠. 왼쪽 오른쪽 마우스 그립감 너무 좋아요. 휠도 걸림 없이 움직이는 것이 하자품은 아니라 품질에는 만족입니다. 건전지 교체형인데 한번 교체하면 방전 잘 안돼고 오래~ 쓸 수 있어서 너무 좋아요. 건전지 교체하는거 은근 귀찮아하는 편인데 게으른 저에게 이리 오래 사용하는 밧데리는 너무 좋네요. ^____^ 사은품으로 건전지 까지 넣어 주는 센스~ 밀봉 잘된 건전지 보니 정말 센스 터져요. 감사합니다.",
    "Source": "SNS",
    "Domain": "IT기기",
    "MainCategory": "컴퓨터/주변기기",
    "ProductName": "앱코 WKM160 펜타그래프 무선 키보드 마우스 세트",
    "ReviewScore": "3",
    "Syllable": "323",
    "Word": "78",
    "RDate": "20221110",
    "GeneralPolarity": "0",
    "Aspects": [
      {
        "Aspect": "디자인",
        "SentimentText": "디자인이 이리 곤충스럽진 않았는데 ㅜ.ㅜ 모양은 실망입니다.",
        "SentimentWord": "7",
        "SentimentPolarity": "-1"
      },
      {
        "Aspect": "조작성",
        "SentimentText": "왼쪽 오른쪽 마우스 그립감 너무 좋아요. ",
        "SentimentWord": "6",
        "SentimentPolarity": "1"
      },
      {
        "Aspect": "품질",
        "SentimentText": "휠도 걸림 없이 움직이는 것이 하자품은 아니라 품질에는 만족입니다. ",
        "SentimentWord": "9",
        "SentimentPolarity": "1"
      },
      {
        "Aspect": "배터리",
        "SentimentText": "건전지 교체하는거 은근 귀찮아하는 편인데 게으른 저에게 이리 오래 사용하는 밧데리는 너무 좋네요. ^____^ ",
        "SentimentWord": "14",
        "SentimentPolarity": "1"
      },
      {
        "Aspect": "제품구성",
        "SentimentText": "사은품으로 건전지 까지 넣어 주는 센스~ 밀봉 잘된 건전지 보니 정말 센스 터져요. ",
        "SentimentWord": "13",
        "SentimentPolarity": "1"
      }
    ]
  },
  {
    "Index": "120555",
    "RawText": "제가 산 키보드 이야기를 해보렵니다.펜타그래프 방식의 키보드라 가장 슬림한 핏을 자랑합니다. 노트북에 쓰는 키보드 방식이다 보니 슬림할수 밖에요. 전 깊이 눌리는 방식을 좋아하다보니뒤늦은 후회를 했습니다. 사실때 참고 하세요. 이건 깊이감 없는 키감이라 실망입니다. 사이즈가 사무용으로 나와서 옆으로 너무 길쭉해 보기싫습니다. 딱 일만 열심히 하라는 뜻이지요.고성능 2.4GHz 칩 탑재로 넓고 안정적인 무선연결이 되니 편리합니다.끊김 없이 안정적으로 연결해줘 조금 떨어져 있어도 잘 작동해서 GOOD  건전지도 한번 교체하고 꽤 오래 쓰고 있어요. ^^",
    "Source": "SNS",
    "Domain": "IT기기",
    "MainCategory": "컴퓨터/주변기기",
    "ProductName": "앱코 WKM160 펜타그래프 무선 키보드 마우스 세트",
    "ReviewScore": "3",
    "Syllable": "310",
    "Word": "70",
    "RDate": "20221110",
    "Aspects": [
      {
        "Aspect": "조작성",
        "SentimentText": "이건 깊이감 없는 키감이라 실망입니다. ",
        "SentimentWord": "5",
        "SentimentPolarity": "-1"
      },
      {
        "Aspect": "사이즈",
        "SentimentText": "사이즈가 사무용으로 나와서 옆으로 너무 길쭉해 보기싫습니다. ",
        "SentimentWord": "7",
        "SentimentPolarity": "-1"
      },
      {
        "Aspect": "편의성",
        "SentimentText": "고성능 2.4GHz 칩 탑재로 넓고 안정적인 무선연결이 되니 편리합니다.",
        "SentimentWord": "9",
        "SentimentPolarity": "1"
      },
      {
        "Aspect": "기능",
        "SentimentText": "끊김 없이 안정적으로 연결해줘 조금 떨어져 있어도 잘 작동해서 GOOD",
        "SentimentWord": "10",
        "SentimentPolarity": "1"
      },
      {
        "Aspect": "배터리",
        "SentimentText": "건전지도 한번 교체하고 꽤 오래 쓰고 있어요. ^^",
        "SentimentWord": "8",
        "SentimentPolarity": "1"
      }
    ]
  },
  {
    "Index": "120556",
    "RawText": "작업할게 많아서 사무실에서 키보드는 참 중요합니다. 그래서 사무용 키보드로 교체했어요.서류 작업 할때 오타 많으면 힘들거든요. 타건감이 좋아 정확도가 높아 작업 시간이 절약됩니다.6개의 음소거 볼륨증가 계산기 인터넷 바로가기 볼륨감소 재생 / 정지 멀티미디어 키를 넣어놔서 번거로움 없이 일처리를 할수 있어 편리합니다. 마우스도 인체 공학적인 디자인이라 너무나 만족합니다. 좌우 대칭형 이라 장시간 사용해도 손목 통증이나 손에 피로를 주지않네요. 왼손잡이 오른손잡이 모두 사용할수 있어 양손잡이들에게 기능면에서도 최고입니다. 조금 불만인건 소음이 발생 한다는거~ 조용한 곳이라 더 시끄럽게 느껴지네요.",
    "Source": "SNS",
    "Domain": "IT기기",
    "MainCategory": "컴퓨터/주변기기",
    "ProductName": "앱코 WKM160 펜타그래프 무선 키보드 마우스 세트",
    "ReviewScore": "4",
    "Syllable": "336",
    "Word": "74",
    "RDate": "20221110",
    "GeneralPolarity": "0",
    "Aspects": [
      {
        "Aspect": "조작성",
        "SentimentText": "타건감이 좋아 정확도가 높아 작업 시간이 절약됩니다.",
        "SentimentWord": "7",
        "SentimentPolarity": "1"
      },
      {
        "Aspect": "편의성",
        "SentimentText": "6개의 음소거 볼륨증가 계산기 인터넷 바로가기 볼륨감소 재생 / 정지 멀티미디어 키를 넣어놔서 번거로움 없이 일처리를 할수 있어 편리합니다.",
        "SentimentWord": "19",
        "SentimentPolarity": "1"
      },
      {
        "Aspect": "디자인",
        "SentimentText": "마우스도 인체 공학적인 디자인이라 너무나 만족합니다. ",
        "SentimentWord": "6",
        "SentimentPolarity": "1"
      },
      {
        "Aspect": "기능",
        "SentimentText": "왼손잡이 오른손잡이 모두 사용할수 있어 양손잡이들에게 기능면에서도 최고입니다. ",
        "SentimentWord": "8",
        "SentimentPolarity": "1"
      },
      {
        "Aspect": "소음",
        "SentimentText": "조금 불만인건 소음이 발생 한다는거~ 조용한 곳이라 더 시끄럽게 느껴지네요.",
        "SentimentWord": "10",
        "SentimentPolarity": "-1"
      }
    ]
  },
  {
    "Index": "120557",
    "RawText": "무선 마우스가 쓰고 싶었어요. 구시대 유물도 아니고 옛날부터 써오던 유선 마우스가 지겨웠어요.청소할때도 걸리적 거리는 선이 지긋지긋 하지 않아 무선의 자유를 맘껏 누립니다. 책상 위도 깨끗해요. 부드럽고 조용한 클릭감이 환상적이예요.도서관 회의실 정숙성을 요하는 곳에서 마음 놓고 쓸수 있어요. 딸칵 소리가 없어요.조용한곳에서 딸칵 거리면 시선 집중 되는거 같고 일도 잘 안되더라구요.2.4GHZ의 안정적인 무선 지원 기능은 수신거리 최대 10M까지 지원해주니 너무나 마음에 듭니다 10M 떨어진 곳에서 테스트 해보고 싶었지만 귀찮아서 해보진 않았어요. 약간 떨어진 책상 아래에서 작업해도 잘 먹힙니다.",
    "Source": "SNS",
    "Domain": "IT기기",
    "MainCategory": "컴퓨터/주변기기",
    "ProductName": "자비스 JV-M100 무소음 무선 마우스",
    "ReviewScore": "5",
    "Syllable": "337",
    "Word": "76",
    "RDate": "20221110",
    "GeneralPolarity": "1",
    "Aspects": [
      {
        "Aspect": "편의성",
        "SentimentText": "청소할때도 걸리적 거리는 선이 지긋지긋 하지 않아 무선의 자유를 맘껏 누립니다. ",
        "SentimentWord": "11",
        "SentimentPolarity": "1"
      },
      {
        "Aspect": "조작성",
        "SentimentText": "부드럽고 조용한 클릭감이 환상적이예요.",
        "SentimentWord": "4",
        "SentimentPolarity": "1"
      },
      {
        "Aspect": "소음",
        "SentimentText": "딸칵 소리가 없어요.",
        "SentimentWord": "3",
        "SentimentPolarity": "1"
      },
      {
        "Aspect": "기능",
        "SentimentText": "2.4GHZ의 안정적인 무선 지원 기능은 수신거리 최대 10M까지 지원해주니 너무나 마음에 듭니다",
        "SentimentWord": "12",
        "SentimentPolarity": "1"
      }
    ]
  },
  {
    "Index": "122067",
    "RawText": "오늘은 올인원 PC 사용후기입니다.    올인원 PC는 이번에 처음 써보는데 기대 이상으로 좋아요.   화면면에선 저의 사용범위 안에서는 화질 너무 깨끗하고 폰트같은 것도 깨지지 않고 잘 보이고 너무 만족스러워요. 내장 스피커의 음향, 음질은 내장형이다 보니 개인적으로 스피커 음향, 음질이 아쉬워요.  무선 키보드와 마우스는 소음은 조금 있지만 전반적으로 무선 수신도 빠르고 사용하기 편합니다. 디자인도 다른 어떤 일체형 컴퓨터보다 마음에 들고, 깔끔 산뜻함 그자체입니다.  컴퓨터 두께가 얼마 되지않아서 공간의 제약이 상대적으로 적어서 너무 만족하고 있어요. 이 정도면 추천해도 될 것 같죠^^",
    "Source": "SNS",
    "Domain": "IT기기",
    "MainCategory": "컴퓨터/주변기기",
    "ProductName": "LG전자 24V50N-GR56K",
    "ReviewScore": "5",
    "Syllable": "334",
    "Word": "77",
    "RDate": "20221128",
    "GeneralPolarity": "1",
    "Aspects": [
      {
        "Aspect": "화질",
        "SentimentText": "화질 너무 깨끗하고 폰트같은 것도 깨지지 않고 잘 보이고 너무 만족스러워요.",
        "SentimentWord": "11",
        "SentimentPolarity": "1"
      },
      {
        "Aspect": "음량/음질",
        "SentimentText": "음질은 내장형이다 보니 개인적으로 스피커 음향, 음질이 아쉬워요.",
        "SentimentWord": "8",
        "SentimentPolarity": "-1"
      },
      {
        "Aspect": "편의성",
        "SentimentText": "전반적으로 무선 수신도 빠르고 사용하기 편합니다. ",
        "SentimentWord": "6",
        "SentimentPolarity": "1"
      },
      {
        "Aspect": "디자인",
        "SentimentText": "디자인도 다른 어떤 일체형 컴퓨터보다 마음에 들고, 깔끔 산뜻함 그자체입니다.",
        "SentimentWord": "10",
        "SentimentPolarity": "1"
      },
      {
        "Aspect": "사이즈",
        "SentimentText": "컴퓨터 두께가 얼마 되지않아서 공간의 제약이 상대적으로 적어서 너무 만족하고 있어요. ",
        "SentimentWord": "11",
        "SentimentPolarity": "1"
      }
    ]
  }
]