[
  {
    "Index": "122043",
    "RawText": "제일 세균이 많은 곳은 손이라고 하잖아요!돈보다 더 세균이 많은 곳은 핸드폰이라는 소리를 들어 본 적이 있어서항상 핸드폰을 알콜솜으로 닦아내고 사용하는데비용이 만만치 않고 핸드폰 화면이나 소재들이 알콜로 인해 망가질 거 같아서 구매한 제품이 바로 이 제품입니다~일단 고속 무선충전이 되고, 살균까지 된다고 해서 구매를 해봤는데용고속충전은 됩니다 속도가 확실히 빨라서 마음에 들었어요~ 그런데 살균 기능은 잘 모르겠어요눈에 보이는 것도 아니고 ㅠㅠ 구매했으면 믿고 써야 하는데,, 뭔가 믿음직 스럽지 않아서결국엔 다시 알콜솜으로 닦고 있네요 ㅠㅠㅠㅠ",
    "Source": "SNS",
    "Domain": "IT기기",
    "MainCategory": "휴대폰/주변기기",
    "ProductName": "체르니 15W 자외선 살균기 고속 무선충전기",
    "ReviewScore": "2",
    "Syllable": "306",
    "Word": "71",
    "RDate": "20221121",
    "Aspects": [
      {
        "Aspect": "시간/속도",
        "SentimentText": "고속 무선충전이 되고, 살균까지 된다고 해서 구매를 해봤는데용고속충전은 됩니다 속도가 확실히 빨라서 마음에 들었어요~",
        "SentimentWord": "14",
        "SentimentPolarity": "1"
      },
      {
        "Aspect": "기능",
        "SentimentText": "살균 기능은 잘 모르겠어요눈에 보이는 것도 아니고 ㅠㅠ ",
        "SentimentWord": "8",
        "SentimentPolarity": "-1"
      }
    ]
  },
  {
    "Index": "122044",
    "RawText": "선 꼬임이 너무 싫어서 돌돌돌 말리는 제품으로 구매했어요캐릭터도 제가 진짜 좋아하는 캐릭터라서 주저 없이 구매했는데요~!~!디자인은 너무 귀엽고 깜찍해서 조카 선물로 하나 줬는데 진짜 좋아하더라고 ㅎㅎ이모 뿌듯.. 그런데 케이블을 끝까지 빼고 다시 원에다가 집어 넣으려고 했더니안 들어가지네요 ㅠㅠ 이렇게 불편할 수가.. 거기다가 충전 속도가 너무 느려요 ㅠㅠㅠ디자인만 너무 귀엽고 예쁘지.. 성능은 진짜 완전 꽝이고 선 꼬임이 싫어서 구매했더니선도 제대로 정리도 안되고.. ㅠㅠㅠ 우리 조카는 잘 쓰고 있나 모르겠네요.. ㅠㅠㅠㅠ",
    "Source": "SNS",
    "Domain": "IT기기",
    "MainCategory": "휴대폰/주변기기",
    "ProductName": "카카오 원형케이블 8",
    "ReviewScore": "1",
    "Syllable": "297",
    "Word": "68",
    "RDate": "20221119",
    "GeneralPolarity": "-1",
    "Aspects": [
      {
        "Aspect": "디자인",
        "SentimentText": "디자인은 너무 귀엽고 깜찍해서 조카 선물로 하나 줬는데 진짜 좋아하더라고 ㅎㅎ이모 뿌듯.. ",
        "SentimentWord": "12",
        "SentimentPolarity": "1"
      },
      {
        "Aspect": "편의성",
        "SentimentText": "케이블을 끝까지 빼고 다시 원에다가 집어 넣으려고 했더니안 들어가지네요 ㅠㅠ 이렇게 불편할 수가.. ",
        "SentimentWord": "13",
        "SentimentPolarity": "-1"
      },
      {
        "Aspect": "시간/속도",
        "SentimentText": "충전 속도가 너무 느려요 ㅠㅠㅠ",
        "SentimentWord": "5",
        "SentimentPolarity": "-1"
      },
      {
        "Aspect": "기능",
        "SentimentText": "성능은 진짜 완전 꽝",
        "SentimentWord": "4",
        "SentimentPolarity": "-1"
      }
    ]
  },
  {
    "Index": "122045",
    "RawText": "너무 너무 좋아하는 캐릭터라서 뒤도 안 돌아보고 후기도 안 읽어보고 구매했어요.. 참 내 자신 한심하다.. 한심해아무리 좋아하는 캐릭터여도 후기 하나쯤 보고 샀어야 했는데 ㅠㅠㅠㅠ여러분 제 후기를 보고 제발 후회하는 선택은 하지 마시길일단 박스가 완전 손상이 되어 와서 기분이 상했고요. 그리고 충전이 잘 안됩니다. 보조 배터리 역활이 뭡니까 충전을 시켜주는 거 아닙니까!!!충전이 안되면 이게 보조 배터리 입니까 그냥 캐릭터 굿즈져.. ㅜㅜ 애효,,디자인만 너무 귀엽고 성능은 완전 꽝꽝.. 심지어 고속 충전도 아니고 일반 충전임 ㅠㅠ",
    "Source": "SNS",
    "Domain": "IT기기",
    "MainCategory": "휴대폰/주변기기",
    "ProductName": "카카오프렌즈 춘식이 포켓 보조배터리 충전 스마트폰 태블릿pc 대용량",
    "ReviewScore": "2",
    "Syllable": "300",
    "Word": "73",
    "RDate": "20221119",
    "GeneralPolarity": "-1",
    "Aspects": [
      {
        "Aspect": "배터리",
        "SentimentText": " 충전이 잘 안됩니다. 보조 배터리 역활이 뭡니까 충전을 시켜주는 거 아닙니까!!!충전이 안되면 이게 보조 배터리 입니까 그냥 캐릭터 굿즈져.. ㅜㅜ",
        "SentimentWord": "20",
        "SentimentPolarity": "-1"
      },
      {
        "Aspect": "디자인",
        "SentimentText": "디자인만 너무 귀엽고",
        "SentimentWord": "3",
        "SentimentPolarity": "1"
      },
      {
        "Aspect": "기능",
        "SentimentText": "성능은 완전 꽝꽝..",
        "SentimentWord": "3",
        "SentimentPolarity": "-1"
      },
      {
        "Aspect": "시간/속도",
        "SentimentText": "심지어 고속 충전도 아니고 일반 충전임 ㅠㅠ",
        "SentimentWord": "7",
        "SentimentPolarity": "-1"
      }
    ]
  },
  {
    "Index": "122046",
    "RawText": "충전만 되는 무선 충전기는 솔직히 이제 매력이 없잖아요이 제품은 탁상 시계도 되고 그 위에 핸드폰도 충전이 된다고 해서너무 매력적이라 구매하게 되었어요.디자인이 메탈로 되어있어서 세련된 느낌을 많이 줍니다. 그리고 시간과 온도 까지 나와 있어서 매일 아침 온도 체크 하고 출근을 합니다.그리고 퇴근 후 돌아와서 핸드폰을 위에다가 올려 놓으면 충전이 되지요.아주 효율적이기는 하나 핸드폰 충전 속도가 아주 느립니다. 일반 충전기 보다 느린 거 같은 느낌입니다.. 속도만 빨랐다면 진짜 오점 만점의 오점을 줬을텐데.. 이점은 뺴야겠네요 ㅠ",
    "Source": "SNS",
    "Domain": "IT기기",
    "MainCategory": "휴대폰/주변기기",
    "ProductName": "카프 올인원 고속무선충전패드 LCD 알람시계 KF-CW100",
    "ReviewScore": "3",
    "Syllable": "299",
    "Word": "73",
    "RDate": "20221119",
    "GeneralPolarity": "1",
    "Aspects": [
      {
        "Aspect": "기능",
        "SentimentText": "탁상 시계도 되고 그 위에 핸드폰도 충전이 된다고 해서너무 매력적이라 구매하게 되었어요.",
        "SentimentWord": "12",
        "SentimentPolarity": "1"
      },
      {
        "Aspect": "디자인",
        "SentimentText": "디자인이 메탈로 되어있어서 세련된 느낌을 많이 줍니다.",
        "SentimentWord": "7",
        "SentimentPolarity": "1"
      },
      {
        "Aspect": "기능",
        "SentimentText": "시간과 온도 까지 나와 있어서 매일 아침 온도 체크 하고 출근을 합니다",
        "SentimentWord": "12",
        "SentimentPolarity": "1"
      },
      {
        "Aspect": "편의성",
        "SentimentText": "핸드폰을 위에다가 올려 놓으면 충전이 되지요.아주 효율적",
        "SentimentWord": "7",
        "SentimentPolarity": "1"
      },
      {
        "Aspect": "시간/속도",
        "SentimentText": "핸드폰 충전 속도가 아주 느립니다. 일반 충전기 보다 느린 거 같은 느낌입니다.. 속도만 빨랐다면 진짜 오점 만점의 오점을 줬을텐데.. 이점은 뺴야겠네요 ㅠ",
        "SentimentWord": "22",
        "SentimentPolarity": "-1"
      }
    ]
  },
  {
    "Index": "122047",
    "RawText": "요새 충전만 되는 무선 충전기 뿐만 아니라다양한 기능이 포함되어 있는 충전기가 많이 나오는 거 같은데요!이번에는 제가 필요로 했던 기능 두 가지가 섞인 제품이 있어서당장 구매해 봤어요. 후기는 많이 없어서 좀 걱정은 했어요 ㅠㅠ스탠드도 되고 유, 무선으로 충전도 되는 제품 입니다~`스탠드랑 함께 충전을 하면 충전 속도가 현저히 떨어집니다.고속이라고는 하는데 고속은 아닌 거 같고요. 스탠드 같은 경우에는 3가지 조명 색 온도가있어서 상황에 맞게 색을 조절할 수 있어서 마음에 들었어요.. 무선으로 충전할 때는 인식이 잘 안돼서ㅠㅠ 불편하네요",
    "Source": "SNS",
    "Domain": "IT기기",
    "MainCategory": "휴대폰/주변기기",
    "ProductName": "카프 유무선 고속충전 탁상용 LED 스탠드 KF-CL02",
    "ReviewScore": "2",
    "Syllable": "303",
    "Word": "74",
    "RDate": "20221121",
    "GeneralPolarity": "0",
    "Aspects": [
      {
        "Aspect": "기능",
        "SentimentText": "유, 무선으로 충전도 되는 제품 입니다~",
        "SentimentWord": "6",
        "SentimentPolarity": "1"
      },
      {
        "Aspect": "시간/속도",
        "SentimentText": "스탠드랑 함께 충전을 하면 충전 속도가 현저히 떨어집니다.고속이라고는 하는데 고속은 아닌 거 같고요.",
        "SentimentWord": "13",
        "SentimentPolarity": "-1"
      },
      {
        "Aspect": "기능",
        "SentimentText": "스탠드 같은 경우에는 3가지 조명 색 온도가있어서 상황에 맞게 색을 조절할 수 있어서 마음에 들었어요..",
        "SentimentWord": "15",
        "SentimentPolarity": "1"
      },
      {
        "Aspect": "편의성",
        "SentimentText": "무선으로 충전할 때는 인식이 잘 안돼서ㅠㅠ 불편하네요",
        "SentimentWord": "7",
        "SentimentPolarity": "-1"
      }
    ]
  },
  {
    "Index": "122048",
    "RawText": "누들 케이블.... 호기심에...열어봤다가 책상위에서 충전할 때 케이블 길이가 짧아서 깔끔할 거 같아 구매했습니다충전할 때마다 저 앙증맞은 미소가 제 기분도 펴지게 해주는 ㅎㅎ 케이블과 손잡이가 색이 달라서 색 다른 느낌이구요~~ 제일 중요한 건 호환이 잘 되어야 되는데 그 부분도 문제 없구요  충전도 잘 되요^^케이블 잘 못 사서 반품은 못하고 서랍안에 쑤셔 넣고 있는게 몇 개나 있는데 ㅎㅎ 이제 아낌없이 버리고 같은 걸로 길이가 더 있는 걸로 구매해서 집에서 사용할 거예요아..그리고 선이 꼬이지 않는 것도 정말 마음에 들어요 ^^",
    "Source": "SNS",
    "Domain": "IT기기",
    "MainCategory": "휴대폰/주변기기",
    "ProductName": "칼론 KC-NOODLE LED 5핀 충전데이터 누들케이블 벌크",
    "ReviewScore": "5",
    "Syllable": "301",
    "Word": "77",
    "RDate": "20221114",
    "GeneralPolarity": "1",
    "Aspects": [
      {
        "Aspect": "사이즈",
        "SentimentText": "충전할 때 케이블 길이가 짧아서 깔끔할 거 같아 구매했습니다",
        "SentimentWord": "9",
        "SentimentPolarity": "1"
      },
      {
        "Aspect": "색상",
        "SentimentText": "케이블과 손잡이가 색이 달라서 색 다른 느낌이구요~~ ",
        "SentimentWord": "7",
        "SentimentPolarity": "1"
      },
      {
        "Aspect": "기능",
        "SentimentText": " 충전도 잘 되요^^",
        "SentimentWord": "3",
        "SentimentPolarity": "1"
      }
    ]
  },
  {
    "Index": "122049",
    "RawText": "\"충전 거치대 유목민의 찐 솔직 리뷰...  안냐세요 이웃님덜... 저는 맘에드는 15W 고속무선충전 거치대를 찾기위해 거의 3개월 동안 웹서핑만 하다가 충잘 무선충전거치대를 선택하게 되었습니다.  15W무선충전, 3방향에서 자동 슬라이딩 되어 충전 위치를 알아서 잡아주는 신박한 기능~굿, 깔끔하고 군더더기 없는 디자인, 다른 제품들에서 많이들 이야기 하는 터치버튼의 위치를 후면으로 배치한것. 등 많은 조건들로 이제품을 선택하게 되었습니다.  젤리케이스에 카드한장 넣어서 사용하고 있는데, 인식도 잘되고 충전도 잘됩니다. 제일 중요한 고정력은 폰 잡아주는 것도 짱짱하게 잘 잡아줍니다.   지금까지 차량용 거치대, 무선충전거치대를 한번도 써 본 적 없는 터라, 장착하고 사용해보니 와~ 이렇게 좋을 수가 없네요. 거치대가 없을 때에는 충전하려면 충전 단자가 스마트폰 하단에 위치하다 보니 항상 거꾸로 세워놓아야 했었는데, 이제는 스마트폰에 케이블을 꽂을 필요도 없고, 정면으로 스마트폰 화면이 잘 보이니 더 바랄게 없습니다. 다만, 항상 스마트폰 화면이 시야에 있다보니 운전 할 때만 조심하면 될 것 같습니다.  공감과 댓글 많이마니 부탁드려여 ~ ^-^\"",
    "Source": "SNS",
    "Domain": "IT기기",
    "MainCategory": "휴대폰/주변기기",
    "ProductName": "케이엠모터스 충잘 무선충전 거치대 WC300",
    "ReviewScore": "5",
    "Syllable": "593",
    "Word": "135",
    "RDate": "20221108",
    "GeneralPolarity": "1",
    "Aspects": [
      {
        "Aspect": "기능",
        "SentimentText": "15W무선충전, 3방향에서 자동 슬라이딩 되어 충전 위치를 알아서 잡아주는 신박한 기능~굿",
        "SentimentWord": "11",
        "SentimentPolarity": "1"
      },
      {
        "Aspect": "디자인",
        "SentimentText": "깔끔하고 군더더기 없는 디자인",
        "SentimentWord": "4",
        "SentimentPolarity": "1"
      },
      {
        "Aspect": "조작성",
        "SentimentText": "터치버튼의 위치를 후면으로 배치한것. 등 많은 조건들로 이제품을 선택하게 되었습니다. ",
        "SentimentWord": "10",
        "SentimentPolarity": "1"
      },
      {
        "Aspect": "기능",
        "SentimentText": "카드한장 넣어서 사용하고 있는데, 인식도 잘되고 충전도 잘됩니다. ",
        "SentimentWord": "8",
        "SentimentPolarity": "1"
      },
      {
        "Aspect": "내구성",
        "SentimentText": "제일 중요한 고정력은 폰 잡아주는 것도 짱짱하게 잘 잡아줍니다.",
        "SentimentWord": "9",
        "SentimentPolarity": "1"
      }
    ]
  },
  {
    "Index": "122050",
    "RawText": "저희 둘째는 휴대폰 케이스를 사서 모으는게 취미입니다휴대폰이 자주 바뀌지 않아 천만 다행이다 생각하지만 정말 자주 디자인이나 깔별로 용도별로 많이 구매합니다거의 하루 두 번은 폰 케이스를 바꾸고 심지어 굉장히 깨끗하게 잘 관리하며 사용합니다이 제품은 그 중에 하나인데 그라데이션 된 색감이 제가 봐도 너무 이쁘고 탐이 나더라구요~색상이 이뻐서 새로운건 기분 전환에 정말 도움이 됩니다요그래서 제 핸드폰 모델로 같은 케이스를 사게 되었어요사람이... ㅎㅎ 저렴한 가격으로 휴대폰을 새걸로 바꾼거 같은 기분,,,,, ,,,,, 그래서 자주 바꾸나 싶은 .... 딸아이가 이해가 되는 순간이었어요~",
    "Source": "SNS",
    "Domain": "IT기기",
    "MainCategory": "휴대폰/주변기기",
    "ProductName": "투톤 그라데이션 젤리 케이스 노트7,노트8,S8,LG G5,LG V10,A7 등 다기종",
    "ReviewScore": "5",
    "Syllable": "331",
    "Word": "77",
    "RDate": "20221113",
    "GeneralPolarity": "1",
    "Aspects": [
      {
        "Aspect": "색상",
        "SentimentText": "그라데이션 된 색감이 제가 봐도 너무 이쁘고 탐이 나더라구요~색상이 이뻐서 새로운건 기분 전환에 정말 도움이 됩니다요",
        "SentimentWord": "16",
        "SentimentPolarity": "1"
      },
      {
        "Aspect": "가격",
        "SentimentText": "저렴한 가격으로 휴대폰을 새걸로 바꾼거 같은 기분,,,,, ",
        "SentimentWord": "7",
        "SentimentPolarity": "1"
      }
    ]
  },
  {
    "Index": "122051",
    "RawText": "핸드폰이 오래돼서 매일 충전기를 가지고 다니는 학생인데욤가방에서 충전기를 꺼내면 매일 같이 선이 꼬여있어서 짱나더라고욤그래서 줄꼬임 방지 c타입 케이블을 구매해봤습니다.매일 같이 쓰니까 사용 후기 제가 들려 드릴게염일단 자석으로 되어 있어서 자동으로 간편하게 착착착 붙어요.강력한 자석인 거 같아요. 줄 꼬임 방지가 되니까 너무 편리한 거 있죠.그런데 충전은 무슨 일인지 고속 충전이 안되는거에요..제가 전에 쓰던 휴대폰 충전기랑 비슷한 속도로 충전이 되서 많이 실망했습니다 ㅠ,ㅠㅠ데이터 전송도 너무 느려서 답답할 정도에요 ㅠㅠㅠ",
    "Source": "SNS",
    "Domain": "IT기기",
    "MainCategory": "휴대폰/주변기기",
    "ProductName": "파보니 줄꼬임방지 자석케이블 (C타입) / 꼬임방지",
    "ReviewScore": "2",
    "Syllable": "297",
    "Word": "67",
    "RDate": "20221119",
    "GeneralPolarity": "-1",
    "Aspects": [
      {
        "Aspect": "편의성",
        "SentimentText": "자석으로 되어 있어서 자동으로 간편하게 착착착 붙어요.강력한 자석인 거 같아요. 줄 꼬임 방지가 되니까 너무 편리한 거 있죠.",
        "SentimentWord": "18",
        "SentimentPolarity": "1"
      },
      {
        "Aspect": "시간/속도",
        "SentimentText": "충전은 무슨 일인지 고속 충전이 안되는거에요..제가 전에 쓰던 휴대폰 충전기랑 비슷한 속도로 충전이 되서 많이 실망했습니다 ㅠ,ㅠㅠ",
        "SentimentWord": "17",
        "SentimentPolarity": "-1"
      },
      {
        "Aspect": "시간/속도",
        "SentimentText": "데이터 전송도 너무 느려서 답답할 정도에요 ㅠㅠㅠ",
        "SentimentWord": "7",
        "SentimentPolarity": "-1"
      }
    ]
  },
  {
    "Index": "122052",
    "RawText": "공부할 때 필요한 두 가지 기능이 붙어 있어서 바로 엄마한테 사 달라고 했어용.. 엄마는 공부할 때 무슨 핸드폰을 자꾸 만지작 거리냐고 분명히 잔소리를 하실 테지만..인강을 봐야하는 학생으로써는 바로 충전할 수 있는 시스템이 필요하다구욧!!그리고 이 제품이 더 좋은 건 스탠드가 있기 때문이죠~~ 책 볼 때 불 키지 않고어두운 곳에서 보지 않아도 되니까 아주 마음에 들어요. 뭔가 독서실을 온 느낌이기도 하고요~핸드폰 충전도 바로 되고 스탠드 불빛도 있고 ~ 일석이조~ 그런데 스탠드랑 같이 핸드폰 충전을 하면 충전 속도가 현저히 떨어지는 게 아쉬움",
    "Source": "SNS",
    "Domain": "IT기기",
    "MainCategory": "휴대폰/주변기기",
    "ProductName": "퍼펙트 LED 스탠드 무선충전패드 겸용",
    "ReviewScore": "4",
    "Syllable": "307",
    "Word": "79",
    "RDate": "20221121",
    "GeneralPolarity": "0",
    "Aspects": [
      {
        "Aspect": "기능",
        "SentimentText": "공부할 때 필요한 두 가지 기능이 붙어 있어서 바로 엄마한테 사 달라고 했어용..",
        "SentimentWord": "13",
        "SentimentPolarity": "1"
      },
      {
        "Aspect": "배터리",
        "SentimentText": "인강을 봐야하는 학생으로써는 바로 충전할 수 있는 시스템이 필요하다구욧!!그리고 이 제품이 더 좋은 건 스탠드가 있기 때문이죠~~ ",
        "SentimentWord": "17",
        "SentimentPolarity": "1"
      },
      {
        "Aspect": "배터리",
        "SentimentText": "핸드폰 충전도 바로 되고 스탠드 불빛도 있고 ~ 일석이조~",
        "SentimentWord": "9",
        "SentimentPolarity": "1"
      },
      {
        "Aspect": "시간/속도",
        "SentimentText": "그런데 스탠드랑 같이 핸드폰 충전을 하면 충전 속도가 현저히 떨어지는 게 아쉬움",
        "SentimentWord": "12",
        "SentimentPolarity": "-1"
      }
    ]
  },
  {
    "Index": "122053",
    "RawText": "\"어이가 없어서 쓰는 후기..  이웃님들 안녕하세요. OOO 케이스를 샀는데요.. 음... 일단 충전이 안됩니다.. 이건 그래 뭐 후기에 다른 분들은 충전이 잘 된다는 말도 있고, 제가 타 쇼핑몰에서 구매한 OOO 케이스를 끼고 있기 때문에 패드 케이스의 문제인가? 싶어서 넘겼습니다.   그런데 사이즈가 안맞아서 케이스가 자꾸 빙빙 돌아요 고정이 잘 안됩니다 부드럽게 잘 껴지긴 하는데 그게 문제인건지 사용하다보면 점점 자체적으로 돌아서 어느 부분이 자력이 있는 부분인지 알 수가 없습니다.   일단 케이스를 씌운 후부터 펜슬 자력이 많이 약해지기도 했고(그래서 충전도 안되는 것 같음) 심지어 케이스가 빙빙 돌아서 어느 부분이 자력이 있는 부분인지 정확히 알 수 없으니 대충 붙여놨다가 들었을 때 펜슬 떨어트린게 한두번이 아니예요..   제가 어느정도 주기로 헛도는지 보려고 정확히 월요일에 다시 끼우고 수요일에 보니 어느새 사진처럼 또 돌아가 있었습니다.. 케이스가 헛돌아서 떨어진게 아니라 제가 바로 붙여놨는데 그냥 자력이 약해져서 떨어진건지는 모르겠지만 후자여도 큰 문제라고 생각합니다  펜슬 더러워지는거 싫고 색도 너무 예뻐서 구매했는데 더 착용하다가는 펜슬 고장날 것 같아서 결국 그냥 빼버렸습니다.. 한 2주..? 착용한 것 같아요 그 2주간도 충전 안돼서 거의 매일 펜슬 배터리 없고, 충전 하려면 패드 케이스를 빼던지 펜슬 케이스를 빼던지 해야해서 굉장히 불편했습니다   친구는 패드 케이스 달라서 충전 되나 확인해봤는데 친구 패드 케이스에서도 충전 안되더라구요,, ㅠㅠ 충전 되는지, 헛돌지 않는지 이웃님들은 잘 확인해보고 구매하세요\"",
    "Source": "SNS",
    "Domain": "IT기기",
    "MainCategory": "휴대폰/주변기기",
    "ProductName": "폰트리 힐링쉴드 애플펜슬 케이스 2세대 원톤",
    "ReviewScore": "1",
    "Syllable": "814",
    "Word": "194",
    "RDate": "20221108",
    "GeneralPolarity": "-1",
    "Aspects": [
      {
        "Aspect": "배터리",
        "SentimentText": "충전이 안됩니다..",
        "SentimentWord": "2",
        "SentimentPolarity": "-1"
      },
      {
        "Aspect": "사이즈",
        "SentimentText": "사이즈가 안맞아서 케이스가 자꾸 빙빙 돌아요 고정이 잘 안됩니다",
        "SentimentWord": "9",
        "SentimentPolarity": "-1"
      },
      {
        "Aspect": "색상",
        "SentimentText": "색도 너무 예뻐서 구매했는데",
        "SentimentWord": "4",
        "SentimentPolarity": "1"
      },
      {
        "Aspect": "편의성",
        "SentimentText": "충전 안돼서 거의 매일 펜슬 배터리 없고, 충전 하려면 패드 케이스를 빼던지 펜슬 케이스를 빼던지 해야해서 굉장히 불편했습니다",
        "SentimentWord": "18",
        "SentimentPolarity": "-1"
      }
    ]
  },
  {
    "Index": "122054",
    "RawText": "\"서이님들 오랜만에 뵙네요~  오늘은 OOO 케이스 리뷰로 찾아왔습니다 ㅎㅎ 제가 여러사이트 재보고 여기저기 다 알아보고 디자인도 다 알아봤는데요..전 투톤을 선택했습니다.   일단 색감이 제일 깔끔해 보이고 추후 다른 색상을 구입후 조합으로 사용해도 이쁠거라 생각하고 구입했습니다. 사제생각에는 중국사이트도 사실 알아봤습니다.. 몇천원 더 아끼자고 시간투자보다 이렇게 구매하는게 나아서 구매했습니다.   만족합니다. 배송도 빠르고. 품질도 괜찮습니다.. 염려했던건. 실리콘 냄새였는데요 실리콘냄새없고.. 딱 핏하게 맞더라구요.  장점 : 사이즈가 핏하게 잘 맞습니다. 생패드에 충전이 잘됩니다. 심하게 떨어트리지않는한 보호할거같고?(좀 얇아서 좀 주의), 생펜일때 미끄러웠는데 실리콘 하고 미끄러움이 줄었습니다.  단점 : 살짝 더 두꺼운 느낌을 받을수 있다.  펜촉 장점 : 정품펜촉 보다 저렴하다. (8개 언제 다 사용하나) 펜촉 단점 : 아무래도 터치 느낌이 덜할 수 있다.  그럼 이만 오늘 리뷰는 여기까지...\"",
    "Source": "SNS",
    "Domain": "IT기기",
    "MainCategory": "휴대폰/주변기기",
    "ProductName": "폰트리 힐링쉴드 애플펜슬 케이스 2세대 투톤",
    "ReviewScore": "3",
    "Syllable": "516",
    "Word": "111",
    "RDate": "20221108",
    "GeneralPolarity": "0",
    "Aspects": [
      {
        "Aspect": "색상",
        "SentimentText": "색감이 제일 깔끔해 보이고 추후 다른 색상을 구입후 조합으로 사용해도 이쁠거라 생각하고 구입했습니다. ",
        "SentimentWord": "13",
        "SentimentPolarity": "1"
      },
      {
        "Aspect": "품질",
        "SentimentText": "품질도 괜찮습니다..",
        "SentimentWord": "2",
        "SentimentPolarity": "1"
      },
      {
        "Aspect": "사이즈",
        "SentimentText": "사이즈가 핏하게 잘 맞습니다. ",
        "SentimentWord": "4",
        "SentimentPolarity": "1"
      },
      {
        "Aspect": "배터리",
        "SentimentText": "생패드에 충전이 잘됩니다.",
        "SentimentWord": "3",
        "SentimentPolarity": "1"
      },
      {
        "Aspect": "소재",
        "SentimentText": "심하게 떨어트리지않는한 보호할거같고?(좀 얇아서 좀 주의), 생펜일때 미끄러웠는데 실리콘 하고 미끄러움이 줄었습니다. ",
        "SentimentWord": "12",
        "SentimentPolarity": "1"
      },
      {
        "Aspect": "사이즈",
        "SentimentText": "살짝 더 두꺼운 느낌을 받을수 있다",
        "SentimentWord": "6",
        "SentimentPolarity": "-1"
      },
      {
        "Aspect": "가격",
        "SentimentText": " 정품펜촉 보다 저렴하다",
        "SentimentWord": "3",
        "SentimentPolarity": "1"
      },
      {
        "Aspect": "조작성",
        "SentimentText": "터치 느낌이 덜할 수 있다.",
        "SentimentWord": "5",
        "SentimentPolarity": "-1"
      }
    ]
  },
  {
    "Index": "122055",
    "RawText": "\"안뇽안뇽 여러분 오늘은 제품 리뷰로 돌아왔슴당!  ○○○ 펜촉 보호캡 케이스를 샀는데요! 일단 저는 독서실에서 소음 감소를 목적으로 구매했어요! 소리가 그냥 하나도 안 났으면 했어요.  소리는 동영상 보시면 아시겠지만 거의 안나는 편이에요. 둔탁?하게 난다고 해야할까, 소음이 영상보다 실제로는 더 작아요.   아 그리고 저는 ○○○ 저반사필름을 사용하고 있어요. ○○○ 종이질감+○○○ 펜촉 요 조합이 너무 좋았어서, ○○○ 펜촉을 다시 구매했는데요. (요거는 진짜 소리도 하나도 안나고, 뻑뻑하지도 않고 스무스하게 ○○○ 쓰는 것처럼 되요. 다만 펜촉은 빨리 달더라구요.) ○○○랑의 조합은 사실 완전 좋지는 않아요.. 뭔가 뻑뻑하고 힘이 많이 들어가구요. ○○○ 제품 리뷰에 남기는 거라 고민하긴 했지만 저처럼 같은 고민하고 계시는 분도 있을 테니까 남겨봅니다.   필름 산 지 얼마 안되서,, 방법을 좀 찾아보다가 요 브랜드 제품 다시 구매하게 될 거 같슴다. 저처럼 필기 힘주고 하시는 분들 ○○○ 최고예요.....\"",
    "Source": "SNS",
    "Domain": "IT기기",
    "MainCategory": "휴대폰/주변기기",
    "ProductName": "폰트리 힐링쉴드 애플펜슬 펜촉 보호 캡 케이스",
    "ReviewScore": "5",
    "Syllable": "519",
    "Word": "122",
    "RDate": "20221108",
    "Aspects": [
      {
        "Aspect": "소음",
        "SentimentText": "소리는 동영상 보시면 아시겠지만 거의 안나는 편이에요. 둔탁?하게 난다고 해야할까, 소음이 영상보다 실제로는 더 작아요. ",
        "SentimentWord": "15",
        "SentimentPolarity": "1"
      },
      {
        "Aspect": "소음",
        "SentimentText": "○○○ 펜촉을 다시 구매했는데요. (요거는 진짜 소리도 하나도 안나고, 뻑뻑하지도 않고 스무스하게 ○○○ 쓰는 것처럼 되요. ",
        "SentimentWord": "16",
        "SentimentPolarity": "1"
      },
      {
        "Aspect": "제조일/제조사",
        "SentimentText": "필름 산 지 얼마 안되서,, 방법을 좀 찾아보다가 요 브랜드 제품 다시 구매하게 될 거 같슴다. 저처럼 필기 힘주고 하시는 분들 ○○○ 최고예요.....\"",
        "SentimentWord": "23",
        "SentimentPolarity": "1"
      }
    ]
  },
  {
    "Index": "122056",
    "RawText": "차량 거치대를 하나 사야지 하면서도 선뜻 결정을 못해 구매를 못하고 있었어요급한 대로 OOO에서 송풍구에 끼워서 쓸 수 있는 저렴한 거치대를 사서 쓰고 있었는데 운행 마치고 폰을 빼려면 폰만 안 빠지고 거치대 까지 빠져서 ....  ㅠㅠㅠ그래서 주위에 사용하고 계신 분 몇 분께 부탁 드려서 사용중인 거치대를 직접 보고 이 제품으로 결정했어요심사숙고한 보람이 있어요~ 혹시라도 주행중에 흔들려 접착이 떨어질까 조금 걱정스러웠지만 지금까지 그런일은 없구요 충전도 잘 되고 360도 회전도 되어서 네비게이션 보기가 정말 편해졌어요~",
    "Source": "SNS",
    "Domain": "IT기기",
    "MainCategory": "휴대폰/주변기기",
    "ProductName": "플레오맥스 PCC-E10 차량용 무선 고속충전 거치대 C타입케이블포함 송풍구 FOD센서",
    "ReviewScore": "5",
    "Syllable": "295",
    "Word": "72",
    "RDate": "20221114",
    "Aspects": [
      {
        "Aspect": "내구성",
        "SentimentText": "혹시라도 주행중에 흔들려 접착이 떨어질까 조금 걱정스러웠지만 지금까지 그런일은 없구요",
        "SentimentWord": "10",
        "SentimentPolarity": "1"
      },
      {
        "Aspect": "배터리",
        "SentimentText": "충전도 잘 되고",
        "SentimentWord": "3",
        "SentimentPolarity": "1"
      },
      {
        "Aspect": "편의성",
        "SentimentText": "360도 회전도 되어서 네비게이션 보기가 정말 편해졌어요~",
        "SentimentWord": "7",
        "SentimentPolarity": "1"
      }
    ]
  },
  {
    "Index": "122057",
    "RawText": "보자 마자 망설임도 고민도 없이 구매했어요~ 퇴근하고 항상 충전하느라 이 케이블, 저 케이블 연결 짓는 것도 은근히 일이더라구요~한 번에 두 개라니~~ ㅎㅎㅎ 그냥 진짜 툭~~!!! 올려만 놓으면 되요~ 너무 신기하고 편리한 거 써보지 않은 사람은 말을 마세요~~ 침대 협탁 위로 달랑 저거 하나만 올려 놓으니까 깔끔하기도 해서만족 대 만족입니다^^  충전도 잘 되고 빨리 되네요.소리가 조금 있지만... 아무 문제 안됩니다.본가에 갈 때도 필수로 챙겨 가는데 얇아서 부피감도 없고 가벼워서 부담 없습니다^^오빠도 좋아 보인다 해서 하나 사주려고 하는데 잘 골라지면 좋겠습니다",
    "Source": "SNS",
    "Domain": "IT기기",
    "MainCategory": "휴대폰/주변기기",
    "ProductName": "플레오맥스 PQC-ED20 듀얼 무선 고속 충전패드 동시사용 지능형 편리 선물",
    "ReviewScore": "5",
    "Syllable": "322",
    "Word": "79",
    "RDate": "20221114",
    "GeneralPolarity": "1",
    "Aspects": [
      {
        "Aspect": "편의성",
        "SentimentText": "한 번에 두 개라니~~ ㅎㅎㅎ 그냥 진짜 툭~~!!! 올려만 놓으면 되요~ 너무 신기하고 편리한 거 써보지 않은 사람은 말을 마세요~~ ",
        "SentimentWord": "20",
        "SentimentPolarity": "1"
      },
      {
        "Aspect": "배터리",
        "SentimentText": " 충전도 잘 되고 빨리 되네요.",
        "SentimentWord": "5",
        "SentimentPolarity": "1"
      },
      {
        "Aspect": "소음",
        "SentimentText": "소리가 조금 있지만... 아무 문제 안됩니다.",
        "SentimentWord": "6",
        "SentimentPolarity": "1"
      },
      {
        "Aspect": "무게",
        "SentimentText": "얇아서 부피감도 없고 가벼워서 부담 없습니다^^",
        "SentimentWord": "6",
        "SentimentPolarity": "1"
      }
    ]
  },
  {
    "Index": "122058",
    "RawText": "\"블하~~ 지름신 와서 헤드셋 지른 후기.. ㅎㅎ  요번에 급 사운드장비에 지름신님이 매우 강하게 와서 무선 헤드셋 하나만 구입 한다는게 외장 사운드카드와 20만원대 유선 헤드폰 까지 40정도 질렀네요 ㄷㄷ   일단 헤드셋을 무선으로 연결 하면 꽤나 좋은 음질을 들려줍니다. 2만원에 이정도면 가성비 최고~무조건 사야 합니다. 20만원대 유선 헤드폰 이랑은 비교가 안되구요. 4만원대 유선 게이밍 헤드셋이랑 거의 비슷한 성능 같아요.   제가 10년 전부터 사운드 카드가 살만 한건지 계속 궁금해 하다 이번에 질러서 잠깐 사용 해보니 확실히 해상도가 올라가고 헤드셋 출력도 올라갑니다. 무선으로는 100% 출력이 유선 연결 하면 60% 정도만 해도 나오고 해상도가 더 뛰어나게 변하더군요. 무선으론 뭔가 막이 하나 있는듯한 음질이었는데 OOO 연결하니 그걸 시원하게 뚤어 줍니다. 물론 그만큼 OOO가 약간 여유가 남아있다는 반증 일테죠. 30만원대 OOO 헤드셋 으로 가려다 한번 참고 다른 방향으로 가봤는데 잘온거 같네요..   이 제품 사세요. 이거 몇개 구입 해서 선물 해볼 생각 입니다. 울 이웃님들에게도 완전 추천 또 추천~!!\"",
    "Source": "SNS",
    "Domain": "IT기기",
    "MainCategory": "휴대폰/주변기기",
    "ProductName": "해외베이스어스 D02 pro",
    "ReviewScore": "5",
    "Syllable": "582",
    "Word": "141",
    "RDate": "20221108",
    "Aspects": [
      {
        "Aspect": "음량/음질",
        "SentimentText": "헤드셋을 무선으로 연결 하면 꽤나 좋은 음질을 들려줍니다.",
        "SentimentWord": "8",
        "SentimentPolarity": "1"
      },
      {
        "Aspect": "가격",
        "SentimentText": "2만원에 이정도면 가성비 최고~무조건 사야 합니다.",
        "SentimentWord": "6",
        "SentimentPolarity": "1"
      },
      {
        "Aspect": "화질",
        "SentimentText": " 확실히 해상도가 올라가고 헤드셋 출력도 올라갑니다.",
        "SentimentWord": "6",
        "SentimentPolarity": "1"
      },
      {
        "Aspect": "기능",
        "SentimentText": "무선으로는 100% 출력이 유선 연결 하면 60% 정도만 해도 나오고 해상도가 더 뛰어나게 변하더군요. ",
        "SentimentWord": "14",
        "SentimentPolarity": "1"
      },
      {
        "Aspect": "음량/음질",
        "SentimentText": "무선으론 뭔가 막이 하나 있는듯한 음질이었는데 OOO 연결하니 그걸 시원하게 뚤어 줍니다. ",
        "SentimentWord": "12",
        "SentimentPolarity": "1"
      }
    ]
  },
  {
    "Index": "122059",
    "RawText": "\"저려미 헤드폰 구매 후기!  경험해본 무선 헤드폰 중에서 가장 저렴한 가격의 제품입니다.전문가가 아닌 일반 사용자 입장에서 들어본 바로는 나쁘지 않은 소리를 들려줍니다.하지만, 가격대비 음질이 괜찮은 것이지 절대적으로 좋은 음질이라고 할 수 없네요.  또 힌지나 연장부분의 마감이나 완성도를 보면 저렴한 가격의 제품이라는 것이 느껴집니다.  그리고 오버이어 형태의 헤드폰임에도 불구하고 쿠션 안쪽에 있는 스피커 보호용 망이 튀어나와있고, 쿠션의 높이가 낮아서오버이어 헤드폰의 착용감이 아니라 온이어 헤드폰의 착용감에 가까운 느낌이 듭니다. 그래서 장시간 착용시 착용감이 좀 불편할 수 있습니다.   마지막으로 이 제품을 구입판 판매처의 실수로 인하여 오배송이 되고 이를 처리하는 과정에서 발생한 불편함을 구매자에게 전가시킨 부분에서 이 판매처에서 구매하는 것은 비추합니다.그래도 구매의사가 있다면 다른 구매처를 알아보시기를 권합니다.  오늘의 리뷰는 여기까집니다!\"",
    "Source": "SNS",
    "Domain": "IT기기",
    "MainCategory": "휴대폰/주변기기",
    "ProductName": "해외베이스어스 D02 pro",
    "ReviewScore": "2",
    "Syllable": "485",
    "Word": "106",
    "RDate": "20221108",
    "Aspects": [
      {
        "Aspect": "가격",
        "SentimentText": " 경험해본 무선 헤드폰 중에서 가장 저렴한 가격의 제품입니다.",
        "SentimentWord": "8",
        "SentimentPolarity": "1"
      },
      {
        "Aspect": "음량/음질",
        "SentimentText": "가격대비 음질이 괜찮은 것이지 절대적으로 좋은 음질이라고 할 수 없네요",
        "SentimentWord": "10",
        "SentimentPolarity": "0"
      },
      {
        "Aspect": "품질",
        "SentimentText": "또 힌지나 연장부분의 마감이나 완성도를 보면 저렴한 가격의 제품이라는 것이 느껴집니다. ",
        "SentimentWord": "11",
        "SentimentPolarity": "-1"
      },
      {
        "Aspect": "편의성",
        "SentimentText": "오버이어 형태의 헤드폰임에도 불구하고 쿠션 안쪽에 있는 스피커 보호용 망이 튀어나와있고, 쿠션의 높이가 낮아서오버이어 헤드폰의 착용감이 아니라 온이어 헤드폰의 착용감에 가까운 느낌",
        "SentimentWord": "22",
        "SentimentPolarity": "-1"
      }
    ]
  },
  {
    "Index": "122060",
    "RawText": "겨울에 사용하려고 산 손난로.. 아니 손나로 겸 보조 배터리일단 손이 너무 차가워서 핫팩을 매일 같이 들고 다니는데 보조 배터리도 되고, 따뜻하게 손도 데울 수 있어서 너무 좋은 제품이더라고요~네 말만 들으면 진짜 좋죠?사서 사용해보니 많이 따뜻하지는 않아요,.. 그냥 미지근한 정도고 배터리가 빨리 닳아요.핸드폰 충전기로 사용하려고 해도 금방 배터리가 닳아서 두번? 정도 밖에 충전이 안돼요..사이즈가 미니 사이즈라서 그런지 휴대하기는 간편한데,, 너무 배터리 용량이 적어서 ㅠㅠ 괜히 샀어요.. 심지어 가격도 싼 것도 아니고 비싸욤 ㅠㅠ",
    "Source": "SNS",
    "Domain": "IT기기",
    "MainCategory": "휴대폰/주변기기",
    "ProductName": "휴대용 미니 손난로 겸 보조배터리 스마트폰 낚시용",
    "ReviewScore": "1",
    "Syllable": "302",
    "Word": "72",
    "RDate": "20221119",
    "GeneralPolarity": "-1",
    "Aspects": [
      {
        "Aspect": "기능",
        "SentimentText": "손나로 겸 보조 배터리일단 손이 너무 차가워서 핫팩을 매일 같이 들고 다니는데 보조 배터리도 되고, 따뜻하게 손도 데울 수 있어서 너무 좋은 제품이더라고요~",
        "SentimentWord": "23",
        "SentimentPolarity": "1"
      },
      {
        "Aspect": "배터리",
        "SentimentText": "배터리가 빨리 닳아요.",
        "SentimentWord": "3",
        "SentimentPolarity": "-1"
      },
      {
        "Aspect": "편의성",
        "SentimentText": "사이즈가 미니 사이즈라서 그런지 휴대하기는 간편한데,,",
        "SentimentWord": "6",
        "SentimentPolarity": "1"
      },
      {
        "Aspect": "용량",
        "SentimentText": "배터리 용량이 적어서 ㅠㅠ 괜히 샀어요..",
        "SentimentWord": "6",
        "SentimentPolarity": "-1"
      },
      {
        "Aspect": "가격",
        "SentimentText": "심지어 가격도 싼 것도 아니고 비싸욤 ㅠㅠ",
        "SentimentWord": "7",
        "SentimentPolarity": "-1"
      }
    ]
  }
]