[
  {
    "Index": "114560",
    "RawText": "집에서 간단하게 사용하려고 구매해 봤어요. 회식자리 다녀오면 옷에 냄새가 너무 배서 신경 쓰였는데,그렇다고 스타일러 사기에는 집도 좁고비싸기도 해서 좀 그랬거든요. 요거 구매해서 사용해 보니 그럭저럭 간편하게 사용할 수 있어서 좋네요.양복 재킷에 사용해 봤는데 냄새 탈취 잘 되고 제습 기능도 있어서 보송보송해서 좋아요.우선 가장 필요했던 게 탈취인데 탈취 잘됩니다. 휴대용이라 잘 될까 싶었는데 생각보다 잘 작동되고 좋네요. 여행 다닐 때도 가방에 넣어서 가지고 다니면 매번 옷 빨기 힘들고 또 빨아도 건조하기 어렵잖아요. 그럴 때도 유용하게 잘 사용 가능합니다.",
    "Source": "SNS",
    "Domain": "가전",
    "MainCategory": "생활/미용/욕실가전",
    "ProductName": "휴대용건조기제습기",
    "ReviewScore": "5",
    "Syllable": "316",
    "Word": "77",
    "RDate": "20221111",
    "GeneralPolarity": "1",
    "Aspects": [
      {
        "Aspect": "기능",
        "SentimentText": "양복 재킷에 사용해 봤는데 냄새 탈취 잘 되고 제습 기능도 있어서 보송보송해서 좋아요",
        "SentimentWord": "13",
        "SentimentPolarity": "1"
      },
      {
        "Aspect": "품질",
        "SentimentText": " 휴대용이라 잘 될까 싶었는데 생각보다 잘 작동되고 좋네요.",
        "SentimentWord": "8",
        "SentimentPolarity": "1"
      }
    ]
  },
  {
    "Index": "114561",
    "RawText": "힘 안 들이고 욕실청소를 할 수 없을까 해서 찾던 제품입니다. 어떻게 하나도 힘을 안 들일 수가 있겠어요... 그래도 이 제품을 사용하면서 오토스핀이다 보니까 제가 직접 빡빡 문지르는 노력을 덜 해도 되니 확실히 손목이 덜 아프게 돼서 좋더라구요. 마치 나무 사포질 하는 느낌으로 자동으로 빠르게 회전해서 문질러 주니 물때가 제가 직접 힘을 들여서 문지를 때보다 더 잘 없어져서 행복해요. 욕실 청소가 예전보다 빨리 끝나게 되니 그만큼 제 시간이 더 생겨서 좋아요. 그리고 욕실에 사용하는 만큼 방수도 중요하잖아요. 이 제품은 감전이나 누전 위험없이 물청소할 때 함께 사용할 수 있어서 정말 편하고 좋아요. 청소가 잘 된다고 해도 위험하면 안 되잖아요. 그런 점에서도 안심하고 사용할 수 있어요.",
    "Source": "SNS",
    "Domain": "가전",
    "MainCategory": "생활/미용/욕실가전",
    "ProductName": "휴스톰 다기능 욕실/창틀/세면대 무선청소기 HS-300",
    "ReviewScore": "5",
    "Syllable": "389",
    "Word": "103",
    "RDate": "20221107",
    "GeneralPolarity": "1",
    "Aspects": [
      {
        "Aspect": "편의성",
        "SentimentText": " 오토스핀이다 보니까 제가 직접 빡빡 문지르는 노력을 덜 해도 되니 확실히 손목이 덜 아프게 돼서 좋더라구요.",
        "SentimentWord": "16",
        "SentimentPolarity": "1"
      },
      {
        "Aspect": "시간/속도",
        "SentimentText": "욕실 청소가 예전보다 빨리 끝나게 되니 그만큼 제 시간이 더 생겨서 좋아요.",
        "SentimentWord": "12",
        "SentimentPolarity": "1"
      },
      {
        "Aspect": "기능",
        "SentimentText": " 제품은 감전이나 누전 위험없이 물청소할 때 함께 사용할 수 있어서 정말 편하고 좋아요. ",
        "SentimentWord": "13",
        "SentimentPolarity": "1"
      }
    ]
  },
  {
    "Index": "114562",
    "RawText": "선물이 아닌 제가 사용하고 있구요 여기 저기 찾아보다 적당한 기능에 모델이 마음에 들어 지난달에 구매해서 한달 넘게 사용중이에요~ 리퍼가격에 새 상품이라 너무 좋구요. 자리 많이 차지하지 않고 디자인도 깔끔해요. 무엇보다 기능이 딱 필요한것만 있어요. 물론 가격대가 비싼건 더 많은 기능이 있지만 기능이 너무 많으면 쓰지않는 기능에 비싼 금액만 지불하게 되는것 같아요 본연에 충실한 안마의자 입니다. 색상도 고급스럽고 구입전에 다른 브랜드도 다 테스트 해봤지만 너무 압이 쎄지 않고 적당히 시원해서 좋아요. 압이 쎄면 안마받다 아파서 안하게 돼더라구요 ㅎㅎ",
    "Source": "SNS",
    "Domain": "가전",
    "MainCategory": "생활/미용/욕실가전",
    "ProductName": "휴테크 리온 안마의자",
    "ReviewScore": "5",
    "Syllable": "311",
    "Word": "77",
    "RDate": "20221108",
    "Aspects": [
      {
        "Aspect": "가격",
        "SentimentText": "리퍼가격에 새 상품이라 너무 좋구요.",
        "SentimentWord": "5",
        "SentimentPolarity": "1"
      },
      {
        "Aspect": "디자인",
        "SentimentText": "디자인도 깔끔해요. ",
        "SentimentWord": "2",
        "SentimentPolarity": "1"
      },
      {
        "Aspect": "색상",
        "SentimentText": "색상도 고급스럽고",
        "SentimentWord": "2",
        "SentimentPolarity": "1"
      },
      {
        "Aspect": "기능",
        "SentimentText": "너무 압이 쎄지 않고 적당히 시원해서 좋아요. 압이 쎄면 안마받다 아파서 안하게 돼더라구요 ㅎㅎ",
        "SentimentWord": "14",
        "SentimentPolarity": "1"
      },
      {
        "Aspect": "사이즈",
        "SentimentText": "자리 많이 차지하지 않고 디자인도 깔끔해요.",
        "SentimentWord": "6",
        "SentimentPolarity": "1"
      },
      {
        "Aspect": "기능",
        "SentimentText": "무엇보다 기능이 딱 필요한것만 있어요.",
        "SentimentWord": "5",
        "SentimentPolarity": "1"
      }
    ]
  },
  {
    "Index": "114563",
    "RawText": "남편이 안마의자가 집에 있었으면 해서 안마의자를 구매하려던 중 딱 필요한 기능만 있는 안마의자를 찾게되어 구매하게 되었어요 금액대가 더 높은것은 여러가지 기능은 있을수 있으나 실 사용은 모든 기능을 다 사용하게 되진 않더라구요매장에 방문해서 실제로 앉아보고 안마감이 편한 제품이어서 선택하게 되었습니다 안마의자는 역시 앉아보고 결정하란말이 맞더군요 제 신체 싸이즈를 인식해 줘서 딱 맞춰 안마를 해 줘서 찌뿌둥한 몸이 개운해 지는 느낌이었습니다 색상도 거실과 잘 어울리는 화이트와 모카 브라운이라 튀지않고 적절해서 인테리어에도 굿 입니다",
    "Source": "SNS",
    "Domain": "가전",
    "MainCategory": "생활/미용/욕실가전",
    "ProductName": "휴테크 리온 안마의자",
    "ReviewScore": "5",
    "Syllable": "300",
    "Word": "71",
    "RDate": "20221108",
    "GeneralPolarity": "1",
    "Aspects": [
      {
        "Aspect": "편의성",
        "SentimentText": "매장에 방문해서 실제로 앉아보고 안마감이 편한 제품이어서 선택하게 되었습니다",
        "SentimentWord": "9",
        "SentimentPolarity": "1"
      },
      {
        "Aspect": "기능",
        "SentimentText": " 제 신체 싸이즈를 인식해 줘서 딱 맞춰 안마를 해 줘서 찌뿌둥한 몸이 개운해 지는 느낌이었습니다 ",
        "SentimentWord": "15",
        "SentimentPolarity": "1"
      },
      {
        "Aspect": "색상",
        "SentimentText": " 색상도 거실과 잘 어울리는 화이트와 모카 브라운이라 튀지않고 적절해서 인테리어에도 굿 입니다",
        "SentimentWord": "12",
        "SentimentPolarity": "1"
      }
    ]
  },
  {
    "Index": "114564",
    "RawText": "부모님 선물해 드리려고 구매하게 되었습니다 재질이 반짝거리는 가죽이나 합성 재질이 아니라 패브릭 소재인것이 마음에 들었고 집안 거실 소파와도 잘 어울려 인테리어에도 좋습니다 남자 체형에도 무리없이 앉을 수 있어 엄마 아빠가 잘 이용하고 계셔서 좋았습니다 등쪽 안마 돌기가 앉은 사람의 체형을 인식해서 안마를 해 주니 편리해요 부모님이 연세가 있으셔서 너무 센 압은 아파하시는데 적절한 압으로 두드림과 주무름으로 시원해 하세요 공기압 다리 마사지기가 있기는 하지만 그걸로는 채워지지 않는 시원함을 안마의자에서 찾았습니다 여러 브랜드를 비교해봐도 제일 잘 고른것 같아요^^",
    "Source": "SNS",
    "Domain": "가전",
    "MainCategory": "생활/미용/욕실가전",
    "ProductName": "휴테크 리온 안마의자",
    "ReviewScore": "5",
    "Syllable": "318",
    "Word": "76",
    "RDate": "20221108",
    "GeneralPolarity": "1",
    "Aspects": [
      {
        "Aspect": "소재",
        "SentimentText": "패브릭 소재인것이 마음에 들었고 ",
        "SentimentWord": "4",
        "SentimentPolarity": "1"
      },
      {
        "Aspect": "편의성",
        "SentimentText": "등쪽 안마 돌기가 앉은 사람의 체형을 인식해서 안마를 해 주니 편리해요 ",
        "SentimentWord": "11",
        "SentimentPolarity": "1"
      },
      {
        "Aspect": "기능",
        "SentimentText": "적절한 압으로 두드림과 주무름으로 시원해 하세요",
        "SentimentWord": "6",
        "SentimentPolarity": "1"
      }
    ]
  },
  {
    "Index": "114565",
    "RawText": "저희 부부는 40대인데 안마 의자가 필요해 구매하게 되었습니다. 기능 많고 사양이 높은것도 좋겠지만 부담스럽지 않고 실용적인 제품을 찾던 중 딱 맞춤인 제품을 발견해서 사용후 한달인데 대체적으로 좋습니다.등이나 허리까지만 안마되는 타사제품에 비해 엉덩이까지 두드려 주어서 더 시원하고 목 머리까지 전체적으로 주물러 줘서 개운합니다. 두드리는 소리가 별로 크지 않아 소음이 심하지 않아요. 두드리는 소리가 너무 크면 저희집이 아파트라 울릴까봐 걱정했는데 소음은 걱정하는 수준은 아니였어요. 제품을 실제로 보지는 않고 온라인에서 주문해서 살짝 불안했는데 걱정이 사라질 만큼 만족입니다.",
    "Source": "SNS",
    "Domain": "가전",
    "MainCategory": "생활/미용/욕실가전",
    "ProductName": "휴테크 리온 안마의자",
    "ReviewScore": "4",
    "Syllable": "325",
    "Word": "74",
    "RDate": "20221108",
    "GeneralPolarity": "1",
    "Aspects": [
      {
        "Aspect": "품질",
        "SentimentText": "기능 많고 사양이 높은것도 좋겠지만 부담스럽지 않고 실용적인 제품을 찾던 중 딱 맞춤인 제품을 발견해서 사용후 한달인데 대체적으로 좋습니다.",
        "SentimentWord": "19",
        "SentimentPolarity": "1"
      },
      {
        "Aspect": "기능",
        "SentimentText": "등이나 허리까지만 안마되는 타사제품에 비해 엉덩이까지 두드려 주어서 더 시원하고 목 머리까지 전체적으로 주물러 줘서 개운합니다.",
        "SentimentWord": "16",
        "SentimentPolarity": "1"
      },
      {
        "Aspect": "소음",
        "SentimentText": "두드리는 소리가 별로 크지 않아 소음이 심하지 않아요. 두드리는 소리가 너무 크면 저희집이 아파트라 울릴까봐 걱정했는데",
        "SentimentWord": "16",
        "SentimentPolarity": "1"
      }
    ]
  },
  {
    "Index": "114566",
    "RawText": "안마의자가 필요해서 알아보고 타사 매장에서 체험해 보고 매장에도 방문해서 여러 제품을 체험해본 후에 사이트에서 최종 구매했어요. 저희 부부는 신혼 부부인데 안마 받기를 좋아해서 성능이나 좌석에 앉는 느낌이 제일 잘 맞는 제품으로 골랐어요. 머리부터 목 등 허리가 이어지는 두드림에 엉덩이까지 돌기가 골고루 마사지 해 주고 체형에 맞춤으로 의자가 인식해 주어서 남자도 여자도 편안하게 쓸 수 있어요. 저희집에 놀러온 지인들도 앉아보고 시원해서 구매한다고 난리네요.^^ 디자인도 예뻐서 만족스럽구요. 특히 겉감 재질이 가죽이나 합성 피혁이 아닌 패브릭이라 거실에 따뜻한 느낌을 줘서 인테리어에도 한몫 합니다.~",
    "Source": "SNS",
    "Domain": "가전",
    "MainCategory": "생활/미용/욕실가전",
    "ProductName": "휴테크 리온 안마의자",
    "ReviewScore": "5",
    "Syllable": "339",
    "Word": "80",
    "RDate": "20221109",
    "Aspects": [
      {
        "Aspect": "기능",
        "SentimentText": "머리부터 목 등 허리가 이어지는 두드림에 엉덩이까지 돌기가 골고루 마사지 해 주고 체형에 맞춤으로 의자가 인식해 주어서 남자도 여자도 편안하게 쓸 수 있어요.",
        "SentimentWord": "23",
        "SentimentPolarity": "1"
      },
      {
        "Aspect": "디자인",
        "SentimentText": "디자인도 예뻐서 만족스럽구요.",
        "SentimentWord": "3",
        "SentimentPolarity": "1"
      },
      {
        "Aspect": "소재",
        "SentimentText": "특히 겉감 재질이 가죽이나 합성 피혁이 아닌 패브릭이라 거실에 따뜻한 느낌을 줘서 인테리어에도 한몫 합니다.~",
        "SentimentWord": "15",
        "SentimentPolarity": "1"
      }
    ]
  },
  {
    "Index": "114567",
    "RawText": "청소기는 흡입력이 가장 중요하죠?저는 무선 청소기 1년 사용하다가 갖다 버렸어요..그리고 컴팩트하고 흡입력 강한 이 제품을 구입했습니다.작아서 가볍고 끌고 다니기 편하고요~ 청소하고 나면 속이 다 후련합니다.^^흡입력과 품질은 진짜 짱입니다.^^감동할 기능이 몇개가 더 있어요~흡입구 날개가 젖혀져 모서리 청소가 쉬워 좋네요~흡입구를 이쪽저쪽으로 갖다 대는 시도 없이 한번의 움직임으로 청소가 쉽고 빠릅니다요~헤파필터가 들어가 있어 미세먼지가 뒤에서 배출되지 않게 막아 줍니다.~또 하나 먼지통에 먼지만 쏙 버리면 청소기 내부 청소도 끝~!!헤피필터는 가끔 털어주고요~~편리하고 조작이 참 쉬워 만족스럽네요",
    "Source": "SNS",
    "Domain": "가전",
    "MainCategory": "생활/미용/욕실가전",
    "ProductName": "[LG]싸이킹 파워 청소기 C40BGMY",
    "ReviewScore": "5",
    "Syllable": "339",
    "Word": "71",
    "RDate": "20221111",
    "GeneralPolarity": "1",
    "Aspects": [
      {
        "Aspect": "사이즈",
        "SentimentText": "작아서 가볍고 끌고 다니기 편하고요~",
        "SentimentWord": "5",
        "SentimentPolarity": "1"
      },
      {
        "Aspect": "품질",
        "SentimentText": "흡입력과 품질은 진짜 짱입니다.^^",
        "SentimentWord": "4",
        "SentimentPolarity": "1"
      },
      {
        "Aspect": "기능",
        "SentimentText": "감동할 기능이 몇개가 더 있어요~흡입구 날개가 젖혀져 모서리 청소가 쉬워 좋네요~",
        "SentimentWord": "11",
        "SentimentPolarity": "1"
      },
      {
        "Aspect": "편의성",
        "SentimentText": "또 하나 먼지통에 먼지만 쏙 버리면 청소기 내부 청소도 끝~!!헤피필터는 가끔 털어주고요~~편리하고 조작이 참 쉬워 만족스럽네요",
        "SentimentWord": "16",
        "SentimentPolarity": "1"
      }
    ]
  },
  {
    "Index": "114568",
    "RawText": "요즘 살림도 다 장비빨이지만 수명이 점점 짧아 지는 가전제품에 큰 돈을 들이고 싶지 않았어요~침구 청소가 되면서 무선 청소기 보다 흡입력이 뛰어난 또 다른 청소기를 찾던 중에 눈에 띄어 바로 샀습니다~침구 먼지가 정말 빨릴까 했는데 입자가 작고 회색인 먼지가  눈에 보이더라구요~흡입구에 돌기가 나와 있어 침구를 팡팡 두들겨 먼지를 일으켜 흡입하는 원리에요~ 와~~진짜 침구에 먼지가 정말 많네요~침대시트부터 이불, 카페트, 쇼파 쿠션,쇼파 시트 등~~주1회씩 이불 먼지 청소하고 있는데 정말 잘 빨려요^^ 흡입 구성품이 여러가지가 있는데 가장 손이 많이 가는 흡입구는일반 흡입구하고 침구 흡입구에요~편리하면서 청소는 완벽히 해 내는 작지만 강한 청소기 입니다.^^",
    "Source": "SNS",
    "Domain": "가전",
    "MainCategory": "생활/미용/욕실가전",
    "ProductName": "LG 싸이킹 청소기 C40SFHT (실버/터보싸이클론)",
    "ReviewScore": "5",
    "Syllable": "372",
    "Word": "88",
    "RDate": "20221111",
    "GeneralPolarity": "1",
    "Aspects": [
      {
        "Aspect": "기능",
        "SentimentText": " 와~~진짜 침구에 먼지가 정말 많네요~침대시트부터 이불, 카페트, 쇼파 쿠션,쇼파 시트 등~~주1회씩 이불 먼지 청소하고 있는데 정말 잘 빨려요^^",
        "SentimentWord": "18",
        "SentimentPolarity": "1"
      },
      {
        "Aspect": "편의성",
        "SentimentText": "편리하면서 청소는 완벽히 해 내는 작지만 강한 청소기 입니다.^^",
        "SentimentWord": "9",
        "SentimentPolarity": "1"
      },
      {
        "Aspect": "기능",
        "SentimentText": "청소는 완벽히 해 내는 작지만 강한 청소기 입니다.^^",
        "SentimentWord": "8",
        "SentimentPolarity": "1"
      }
    ]
  },
  {
    "Index": "114569",
    "RawText": "5년 전에 예전 버전으로 쓰고 업그레이드 된 버전 또 구입했습니다.벨크로우 접착력 강해서 사용 중 걸레가 떨어질 염려 없구요~강화마루 바닥인데 아주 잘 닦여요~ 저만의 팁이 있자면 사용 전에 뜨거운 물에 헹굼해서 사용하시면 더 잘 닦인 답니다.^^ 그리고 지그시 아래로 눌러 주시면 당연히 힘이 들어가니 더  잘 닦이겠죠?^^ 티비장  바닥도 걸림 없이 잘 들어가니 손이 안 닿는 곳도 먼지를 닦아 낼 수 있구요~ 아무래도 이런 곳은 잘 안보이니 이때 헤드 LED가 톡톡한 몫을 합니다.^^실용적이예요~물걸레 청소 시간이 크게 단축 됐어요~",
    "Source": "SNS",
    "Domain": "가전",
    "MainCategory": "생활/미용/욕실가전",
    "ProductName": "NEW휴스톰 무선물걸레청소기 HS-10000+무료체험15일",
    "ReviewScore": "5",
    "Syllable": "302",
    "Word": "77",
    "RDate": "20221111",
    "GeneralPolarity": "1",
    "Aspects": [
      {
        "Aspect": "품질",
        "SentimentText": "벨크로우 접착력 강해서 사용 중 걸레가 떨어질 염려 없구요~",
        "SentimentWord": "9",
        "SentimentPolarity": "1"
      },
      {
        "Aspect": "편의성",
        "SentimentText": "헤드 LED가 톡톡한 몫을 합니다.^^ 실용적이예요~",
        "SentimentWord": "6",
        "SentimentPolarity": "1"
      },
      {
        "Aspect": "시간/속도",
        "SentimentText": "물걸레 청소 시간이 크게 단축 됐어요~",
        "SentimentWord": "6",
        "SentimentPolarity": "1"
      }
    ]
  },
  {
    "Index": "114570",
    "RawText": "걸레 만지기 싫어서 물걸레청소기 사봤어요~보통으로 닦이는 수준에요~밀고 다니기 보단 손잡이에 힘을 아래로 주면서 압력을 가해야 제대로 닦여요~우리가 걸레질을 할 때 슬슬 문지르진 않잖아요~ 누르듯이 문지르고 다니고 있어요~다만 구부려 닦지 않아 편리해요~또 걸레를 꽉 짜지 않으면 마루 바닥이 번들번들 하네요~ 마를 때까지 기다립니다.그리고 집은 네모 반듯한데 물걸레는 원모양이라 모서리 부분은 다시 한번 손이 가야 해요~ 번거롭죠ㅠㅠ충전하고 33평 기준 3회정도 청소 해요~ 완충하는데 오래걸려서 좀 불편하긴해요... 그래서 청소 후 바로 충전해요~",
    "Source": "SNS",
    "Domain": "가전",
    "MainCategory": "생활/미용/욕실가전",
    "ProductName": "NEW휴스톰 무선물걸레청소기 HS-10000+무료체험15일",
    "ReviewScore": "3",
    "Syllable": "308",
    "Word": "69",
    "RDate": "20221111",
    "GeneralPolarity": "-1",
    "Aspects": [
      {
        "Aspect": "편의성",
        "SentimentText": "집은 네모 반듯한데 물걸레는 원모양이라 모서리 부분은 다시 한번 손이 가야 해요~ 번거롭죠ㅠ",
        "SentimentWord": "13",
        "SentimentPolarity": "-1"
      },
      {
        "Aspect": "배터리",
        "SentimentText": "완충하는데 오래걸려서 좀 불편하긴해요... 그래서 청소 후 바로 충전해요~",
        "SentimentWord": "9",
        "SentimentPolarity": "-1"
      }
    ]
  },
  {
    "Index": "114571",
    "RawText": "작고 아담한 청소기에요~머리카락이나 애들 과자 부스러기 정도 바로 짧게 치울 때 사용해요^^이럴 때 무지 편리해요~ 사용하고 바로바로 충전단자에 껴 놔요~워낙 작은 청소기라 작동시간도 그리 길지 않거든요~10분 남짓??? 그러니 충전이 무조건 중요합니다~ 사용시간이 더 길었으면 하는게 희망사항입니다.가끔 남편이 자동차 내부 청소할 때 사용하기도 합니다. 그리고 이제 5살 딸아이가 엄마를 도와준다고 사용해요~본체 통과 먼지 필터에 먼지, 머리카락이 이 잘 걸러지니비우고 다시 조립하면 끝이에요~ 조작과 작동법은 매우 간단합니다.^^편해서 만족이네요 가끔 한 번씩 물청소를 해주고 있어요~먼지는 자주 털어주세요~ 흡입력이 약해져요~​",
    "Source": "SNS",
    "Domain": "가전",
    "MainCategory": "생활/미용/욕실가전",
    "ProductName": "삼성 무선 핸디 스틱 청소기 VC-H71",
    "ReviewScore": "4",
    "Syllable": "354",
    "Word": "76",
    "RDate": "20221111",
    "GeneralPolarity": "0",
    "Aspects": [
      {
        "Aspect": "배터리",
        "SentimentText": "워낙 작은 청소기라 작동시간도 그리 길지 않거든요~10분 남짓??? 그러니 충전이 무조건 중요합니다~",
        "SentimentWord": "12",
        "SentimentPolarity": "0"
      },
      {
        "Aspect": "조작성",
        "SentimentText": "조작과 작동법은 매우 간단합니다.^^편해서 만족이네요",
        "SentimentWord": "5",
        "SentimentPolarity": "1"
      }
    ]
  }
]